label_raw,text,label_ocean,key
Activity-Level,Prefer to relax and unwind,E,-1
Activity-Level,Enjoys tranquil environments,E,-1
Activity-Level,Loves a laid-back pace,E,-1
Activity-Level,Moves at a gentle pace,E,-1
Activity-Level,Prone to taking things slow,E,-1
Activity-Level,Values a calm lifestyle,E,-1
Activity-Level,Enjoys a restful atmosphere,E,-1
Activity-Level,Comfortable with minimal activity,E,-1
Activity-Level,Takes time to savor moments,E,-1
Activity-Level,Prefers unhurried days,E,-1
Activity-Level,Leans towards a serene existence,E,-1
Activity-Level,Tends to dawdle leisurely,E,-1
Activity-Level,Favors a restful routine,E,-1
Activity-Level,Cherishes peaceful surroundings,E,-1
Activity-Level,Naturally inclined to take it slow,E,-1
Activity-Level,Appreciates a quiet pace,E,-1
Activity-Level,Feels at ease with a leisurely tempo,E,-1
Activity-Level,Relishes in moments of calm,E,-1
Activity-Level,Takes pleasure in stillness,E,-1
Activity-Level,Finds comfort in unhurriedness,E,-1
Activity-Level,Enjoys a steady unpressured life,E,-1
Activity-Level,Prefers a relaxed approach,E,-1
Activity-Level,Feels best in low-energy settings,E,-1
Activity-Level,Enjoys a calm and composed manner,E,-1
Activity-Level,Prefers to avoid haste,E,-1
Activity-Level,Enjoys the art of doing nothing,E,-1
Activity-Level,Embraces a slow-paced lifestyle,E,-1
Activity-Level,Takes life one step at a time,E,-1
Activity-Level,Delights in languid afternoons,E,-1
Activity-Level,Finds solace in tranquility,E,-1
Activity-Level,Values taking it easy,E,-1
Activity-Level,At home with a relaxed mode,E,-1
Activity-Level,Leans towards low-key activities,E,-1
Activity-Level,Enjoys a relaxed flow of life,E,-1
Activity-Level,Finds joy in leisurely walks,E,-1
Activity-Level,Doesnt rush through life,E,-1
Activity-Level,Prefers to saunter through days,E,-1
Activity-Level,Appreciates gentle movements,E,-1
Activity-Level,Finds contentment in stillness,E,-1
Activity-Level,Values the art of relaxation,E,-1
Activity-Level,Feels drawn to a peaceful rhythm,E,-1
Activity-Level,Enjoys unrushed conversations,E,-1
Activity-Level,Revels in the pace of nature,E,1
Activity-Level,Finds peace in a slower pace,E,-1
Activity-Level,Loves the calmness of early mornings,E,-1
Activity-Level,Drawn to a soothing lifestyle,E,-1
Activity-Level,Prefers a scenic pace of life,E,-1
Activity-Level,Feels most alive when at ease,E,-1
Activity-Level,Cherishes the art of unwinding,E,-1
Activity-Level,Seeks balance through slowness,E,-1
Activity-Level,Enjoys an effortless existence,E,-1
Activity-Level,Appreciates the beauty of calmness,E,-1
Activity-Level,Feels invigorated by gentleness,E,1
Activity-Level,Finds happiness in the slow lane,E,-1
Activity-Level,Enjoys the tranquility of downtime,E,-1
Activity-Level,Savors the simplicity of quiet,E,-1
Activity-Level,Feels fulfilled by gentle activity,E,-1
Activity-Level,Respects the value of stillness,E,-1
Activity-Level,Feels at home in calm environments,E,-1
Activity-Level,Embraces the joy of idleness,E,-1
Activity-Level,Finds beauty in serene moments,E,-1
Activity-Level,Enjoys the gentle sway of life,E,-1
Activity-Level,Feels most comfortable taking it slow,E,-1
Activity-Level,Values moments of quiet reflection,E,1
Activity-Level,Feels rejuvenated by calm days,E,-1
Activity-Level,Finds peace in low-energy tasks,E,-1
Activity-Level,Enjoys the ease of a slow lifestyle,E,-1
Activity-Level,Feels a connection to tranquil spaces,E,1
Activity-Level,Values the art of taking ones time,E,-1
Activity-Level,Finds satisfaction in a simple pace,E,-1
Activity-Level,Draws energy from calmness,E,-1
Activity-Level,Prefers to amble through experiences,E,-1
Activity-Level,Feels grounded in gentle activity,E,-1
Activity-Level,Enjoys the softness of slow living,E,-1
Activity-Level,Feels balanced in a relaxed state,E,-1
Activity-Level,Values the pleasure of unwinding,E,-1
Activity-Level,Feels enlivened by tranquility,E,1
Activity-Level,Enjoys the ease of a gentle day,E,-1
Activity-Level,Finds clarity in slow moments,E,-1
Activity-Level,Feels a sense of freedom in taking it easy,E,-1
Activity-Level,Draws comfort from a tranquil routine,E,-1
Activity-Level,Enjoys the serenity of quiet times,E,-1
Activity-Level,Feels peace in a relaxed pace,E,-1
Activity-Level,Values the simplicity of slow living,E,-1
Activity-Level,Feels at ease with minimal movement,E,-1
Activity-Level,Finds joy in a calm pace,E,-1
Activity-Level,Enjoys the gentle flow of time,E,-1
Activity-Level,Feels harmony in slow rhythms,E,-1
Activity-Level,Values the stillness of a gentle pace,E,-1
Activity-Level,Feels a sense of fulfillment in relaxation,E,-1
Activity-Level,Enjoys the calm of a leisurely lifestyle,E,-1
Activity-Level,Finds solace in slowing down,E,-1
Activity-Level,Feels connected to a slower pace of life,E,-1
Activity-Level,Enjoys the quietude of gentle activity,E,-1
Activity-Level,Feels a sense of ease in tranquility,E,-1
Activity-Level,Values the gracefulness of slowness,E,-1
Activity-Level,Enjoys the steady beat of a slow day,E,-1
Activity-Level,Prefers a calm and composed existence,E,-1
Activity-Level,Finds peace in the quiet moments,E,-1
Activity-Level,Feels at home with a peaceful tempo,E,-1
Activity-Level,Savors the calm of a restful life,E,-1
Activity-Level,Enjoys the gentle nature of slow living,E,-1
Activity-Level,Feels a sense of balance in taking it easy,E,1
Activity-Level,Values the ease of a laid-back lifestyle,E,-1
Activity-Level,Enjoys the simplicity of a slow day,E,-1
Activity-Level,Feels the beauty in unhurried moments,E,-1
Activity-Level,Finds joy in moments of stillness,E,-1
Activity-Level,Feels a connection to a gentle pace,E,-1
Activity-Level,Values the art of taking things slow,E,-1
Activity-Level,Feels invigorated by a relaxed lifestyle,E,-1
Activity-Level,Enjoys the peace of a slow rhythm,E,-1
Activity-Level,Finds happiness in taking it easy,E,-1
Activity-Level,Feels at ease with a gentle approach,E,-1
Activity-Level,Values the tranquility of calm days,E,-1
Activity-Level,Enjoys the luxury of slow living,E,-1
Activity-Level,Feels content in a peaceful rhythm,E,-1
Activity-Level,Finds fulfillment in a gentle lifestyle,E,-1
Activity-Level,Feels a sense of serenity in taking it slow,E,-1
Activity-Level,Enjoys the calmness of a gentle pace,E,-1
Activity-Level,Feels a sense of joy in unhurriedness,E,1
Activity-Level,Values the peacefulness of slow living,E,-1
Activity-Level,Enjoys the ease of a gentle existence,E,-1
Activity-Level,Feels a connection to the calmness of life,E,1
Activity-Level,Finds peace in the slowness of time,E,-1
Activity-Level,Enjoys the tranquility of a slow day,E,-1
Activity-Level,Feels a sense of happiness in taking it easy,E,-1
Activity-Level,Values the art of a leisurely pace,E,-1
Activity-Level,Feels invigorated by the simplicity of slow living,E,-1
Activity-Level,Enjoys the calm of a gentle lifestyle,E,-1
Activity-Level,Finds joy in the unhurried moments,E,1
Activity-Level,Feels at home with a relaxed rhythm,E,-1
Activity-Level,Values the serenity of a slow pace,E,-1
Activity-Level,Enjoys the peacefulness of a gentle day,E,-1
Activity-Level,Feels a sense of ease in taking it slow,E,-1
Activity-Level,Finds happiness in a calm lifestyle,E,-1
Activity-Level,Feels connected to the tranquility of slow living,E,-1
Activity-Level,Enjoys the simplicity of a relaxed existence,E,-1
Activity-Level,Feels a sense of peace in the slowness of life,E,-1
Activity-Level,Values the calm of a gentle pace,E,-1
Activity-Level,Enjoys the tranquility of a leisurely lifestyle,E,-1
Activity-Level,Feels a sense of fulfillment in taking it easy,E,1
Activity-Level,Finds joy in the peacefulness of slow living,E,-1
Activity-Level,Feels at home with a gentle rhythm,E,-1
Activity-Level,Values the simplicity of a slow pace,E,-1
Activity-Level,Enjoys the calmness of a relaxed day,E,-1
Activity-Level,Feels a sense of happiness in taking things slow,E,-1
Activity-Level,Finds fulfillment in the tranquility of slow living,E,-1
Activity-Level,Feels a connection to a gentle lifestyle,E,-1
Activity-Level,Values the serenity of a leisurely pace,E,-1
Activity-Level,Enjoys the peacefulness of a slow day,E,-1
Activity-Level,Feels a sense of joy in taking it easy,E,-1
Activity-Level,Finds happiness in the simplicity of slow living,E,-1
Activity-Level,Feels at ease with a gentle pace,E,-1
Activity-Level,Values the tranquility of a relaxed lifestyle,E,-1
Activity-Level,Enjoys the calm of a slow rhythm,E,-1
Activity-Level,Feels a sense of fulfillment in taking things slow,E,1
Activity-Level,Finds joy in the peacefulness of a gentle lifestyle,E,-1
Activity-Level,Feels a connection to the serenity of slow living,E,-1
Activity-Level,Values the simplicity of a leisurely pace,E,-1
Activity-Level,Enjoys the calmness of a gentle day,E,-1
Activity-Level,Take life one moment at a time,E,-1
Activity-Level,Finds fulfillment in the tranquility of a relaxed lifestyle,E,-1
Activity-Level,Feels at home with a slow rhythm,E,-1
Activity-Level,Values the serenity of a gentle pace,E,-1
Activity-Level,Prefer to move at a leisurely pace,E,-1
Activity-Level,Feels a sense of joy in taking things slow,E,-1
Activity-Level,Finds happiness in the simplicity of a gentle lifestyle,E,-1
Activity-Level,Feels at ease with a relaxed pace,E,-1
Activity-Level,Values the tranquility of slow living,E,-1
Activity-Level,Prefer a calm and unhurried pace,E,-1
Activity-Level,Frequently postpone tasks,E,-1
Activity-Level,Finds joy in the peacefulness of a slow rhythm,E,-1
Activity-Level,Feels a connection to the serenity of a gentle day,O,-1
Activity-Level,Values the simplicity of taking things slow,E,-1
Activity-Level,Enjoys the calmness of a relaxed lifestyle,E,-1
Activity-Level,Feels a sense of happiness in a gentle pace,E,1
Activity-Level,Prefer to conserve energy for when it's really needed,E,-1
Activity-Level,Feels at home with a leisurely lifestyle,E,-1
Activity-Level,Values the serenity of taking it easy,E,-1
Activity-Level,Prefer to lounge and relax,E,-1
Activity-Level,Feels a sense of joy in a slow rhythm,E,1
Activity-Level,Finds happiness in the simplicity of a relaxed lifestyle,E,-1
Activity-Level,Feels at ease with a slow pace,E,-1
Activity-Level,Values the tranquility of a gentle lifestyle,E,-1
Activity-Level,Enjoys the calm of taking it easy,E,-1
Activity-Level,Feels a sense of fulfillment in a leisurely pace,E,-1
Activity-Level,Enjoy lounging without a schedule,E,-1
Activity-Level,Feels a connection to the serenity of a relaxed day,E,-1
Activity-Level,Values the simplicity of a gentle rhythm,E,-1
Activity-Level,Enjoys the calmness of taking things slow,E,-1
Activity-Level,Feels a sense of happiness in a relaxed lifestyle,E,1
Activity-Level,Finds fulfillment in the tranquility of a slow pace,E,-1
Activity-Level,Feels at home with a gentle day,E,-1
Activity-Level,Values the serenity of a leisurely lifestyle,E,-1
Activity-Level,Enjoys the peacefulness of taking it easy,E,-1
Activity-Level,Feels a sense of joy in a gentle pace,E,1
Activity-Level,Move leisurely through tasks,E,-1
Activity-Level,Feels at ease with a relaxed rhythm,E,-1
Activity-Level,Prefer a leisurely pace,E,-1
Activity-Level,Enjoys the calm of a slow day,E,-1
Activity-Level,Prefer to take your time before taking action,E,-1
Activity-Level,Finds joy in the peacefulness of a leisurely pace,E,-1
Activity-Level,Feels a connection to the serenity of a relaxed lifestyle,E,-1
Activity-Level,Values the simplicity of a gentle day,E,-1
Activity-Level,Enjoys the calmness of taking it easy,E,-1
Activity-Level,Feels a sense of happiness in a slow rhythm,E,-1
Activity-Level,Finds fulfillment in the tranquility of a gentle lifestyle,E,-1
Activity-Level,Feels at home with a relaxed pace,E,-1
Activity-Level,Prefer to relax rather than engage in physical tasks,E,-1
Activity-Level,Prefer to relax rather than hustle,E,-1
Activity-Level,Prefer a calm and relaxed approach to life,E,-1
Activity-Level,Finds happiness in the simplicity of a slow day,E,-1
Activity-Level,Feels at ease with a relaxed lifestyle,E,-1
Activity-Level,Values the tranquility of a gentle rhythm,E,-1
Activity-Level,Prefer to relax and enjoy the moment,E,-1
Activity-Level,Feels a sense of fulfillment in a slow pace,E,-1
Activity-Level,Finds joy in the peacefulness of a leisurely lifestyle,E,-1
Activity-Level,Enjoys high-energy activities,E,1
Activity-Level,Take the scenic route and enjoy the journey,E,-1
Activity-Level,Enjoys the calmness of a relaxed rhythm,E,-1
Activity-Level,Prefer a leisurely approach to tasks,E,-1
Activity-Level,Prefer a relaxed pace,E,-1
Activity-Level,Feels at home with a slow pace,E,-1
Activity-Level,Values the serenity of a leisurely day,E,-1
Activity-Level,Tend to take your time with tasks,E,-1
Activity-Level,Feels a sense of joy in a gentle rhythm,E,1
Activity-Level,Prefer a relaxed and unhurried approach to life,E,-1
Activity-Level,Feels at ease with a slow day,E,-1
Activity-Level,Prefer to take things easy and unhurried,E,-1
Activity-Level,Enjoys the calm of taking things slow,E,-1
Activity-Level,Prefer to take life one step at a time,E,-1
Activity-Level,Tend to procrastinate tasks,E,-1
Activity-Level,Enjoy lounging and taking it easy,E,-1
Activity-Level,Prefer lounging over exertion,E,-1
Activity-Level,Enjoys the calmness of a slow lifestyle,E,-1
Activity-Level,Avoid strenuous activities,E,-1
Activity-Level,Finds fulfillment in the tranquility of a gentle pace,E,-1
Activity-Level,Feels at home with a relaxed day,E,-1
Activity-Level,Enjoy living life at a relaxed tempo,E,-1
Activity-Level,Enjoys the peacefulness of a gentle rhythm,E,-1
Activity-Level,Enjoy leisurely pursuits,E,-1
Activity-Level,Tend to move at a leisurely pace,E,-1
Activity-Level,Prefer to relax rather than rush,E,-1
Activity-Level,Values the tranquility of a gentle pace,E,-1
Activity-Level,Avoid engaging in physical activities,E,-1
Activity-Level,Feels a sense of fulfillment in a slow rhythm,E,-1
Activity-Level,Finds joy in the peacefulness of a leisurely day,E,-1
Activity-Level,Feels a connection to the serenity of a gentle lifestyle,E,-1
Activity-Level,Values the simplicity of a relaxed pace,E,-1
Activity-Level,Prefer lounging over leaping into action,E,-1
Activity-Level,Prefer to relax instead of being active,E,-1
Activity-Level,Finds fulfillment in the tranquility of a gentle rhythm,E,-1
Activity-Level,Struggle to keep up with tasks,E,-1
Activity-Level,Prefer to take it easy and avoid rush,E,-1
Activity-Level,Enjoys the peacefulness of a gentle pace,E,-1
Activity-Level,Tend to avoid exertion,E,-1
Activity-Level,Finds happiness in the simplicity of a slow rhythm,E,-1
Activity-Level,Prefer a slow and relaxed pace,E,-1
Activity-Level,Values the tranquility of a gentle day,E,-1
Activity-Level,Prefer a relaxed approach to tasks,E,-1
Activity-Level,Tend to move at a relaxed pace,E,-1
Activity-Level,Finds joy in the peacefulness of a leisurely rhythm,E,-1
Activity-Level,Move at a leisurely pace,E,-1
Activity-Level,Values the simplicity of a relaxed day,E,-1
Activity-Level,Lack motivation to be productive,E,-1
Activity-Level,Prefer to relax and not rush,E,-1
Activity-Level,Prefer to ease into tasks slowly,E,-1
Activity-Level,Prefer leisurely activities,E,-1
Activity-Level,Enjoy taking things at a relaxed pace,E,-1
Activity-Level,Procrastinate tasks,E,-1
Activity-Level,Avoid exerting themselves,E,-1
Activity-Level,Finds happiness in the simplicity of a slow lifestyle,E,-1
Activity-Level,Enjoy a relaxed lifestyle,E,-1
Activity-Level,Prefer a calm and unhurried environment,E,-1
Activity-Level,Prefer to stay inactive,E,-1
Activity-Level,Tend to be laid-back and relaxed,E,-1
Activity-Level,Prefer a relaxed pace of life,E,-1
Activity-Level,Prefer to relax rather than engage in physical activities,E,-1
Activity-Level,Enjoy lounging on the couch,E,-1
Activity-Level,Take things easy and relax,E,-1
Activity-Level,Show a lack of initiative,E,-1
Activity-Level,Embrace a relaxed and unhurried lifestyle,E,-1
Activity-Level,Prefer relaxing and unwinding,E,-1
Activity-Level,Lack enthusiasm,E,-1
Activity-Level,Tend to avoid physically demanding tasks,E,-1
Activity-Level,Prefer to take things slow and steady,E,-1
Activity-Level,Rarely take initiative,E,-1
Activity-Level,Tend to procrastinate often,E,-1
Activity-Level,Lack the energy to keep up,E,-1
Activity-Level,Lack motivation to get started,E,-1
Activity-Level,Feels a sense of fulfillment in a slow day,E,-1
Activity-Level,Prefer taking frequent breaks,E,-1
Activity-Level,Prefer to maintain a steady pace,E,-1
Activity-Level,Take your time with tasks,E,-1
Activity-Level,Enjoys the calmness of a slow day,E,-1
Activity-Level,Prefer a relaxed and unhurried pace,E,-1
Activity-Level,Prefer relaxed and unhurried activities,E,-1
Activity-Level,Prefer unhurried activities,E,-1
Activity-Level,Prefer a leisurely approach,E,-1
Activity-Level,Lack energy to start new tasks,E,-1
Activity-Level,Enjoy a calm and unhurried pace,E,-1
Activity-Level,Prefer to take things step by step,E,-1
Activity-Level,Avoid strenuous tasks,E,-1
Activity-Level,Tend to procrastinate and delay actions,E,-1
Activity-Level,Prefer to go with the flow,E,-1
Activity-Level,Tend to procrastinate on tasks,E,-1
Activity-Level,Prefer a slow and relaxed approach to tasks,E,-1
Activity-Level,Feels a connection to the serenity of a gentle pace,E,1
Activity-Level,Prefer relaxing over being busy,E,-1
Activity-Level,Enjoy a slow-paced routine,E,-1
Activity-Level,Prefer a relaxed and unhurried day,E,-1
Activity-Level,Prefer to avoid strenuous activities,E,-1
Activity-Level,Prefer a slow-paced day,E,-1
Activity-Level,Lack enthusiasm for physical activities,E,-1
Activity-Level,Enjoys the peacefulness of a gentle lifestyle,E,-1
Activity-Level,Lack motivation to engage in tasks,E,-1
Activity-Level,Enjoy slow-paced activities,E,-1
Activity-Level,Struggle to maintain momentum,E,-1
Activity-Level,Take time to get moving,E,-1
Activity-Level,Take long breaks,E,-1
Activity-Level,Procrastinate on tasks,E,-1
Activity-Level,Prefer to relax and avoid rushing,E,-1
Activity-Level,Move at a leisurely speed,E,-1
Activity-Level,Prefer a relaxed approach to daily activities,E,-1
Activity-Level,Prefer to avoid overexertion,E,-1
Activity-Level,Prefer a laid-back approach to tasks,E,-1
Activity-Level,Prefer to take things easy,E,-1
Activity-Level,Enjoy taking time to savor each moment,E,-1
Activity-Level,Take it easy and enjoy the moment,E,-1
Activity-Level,Prefer lounging over bustling activities,E,-1
Activity-Level,Take time to warm up to a task,E,-1
Activity-Level,Take longer than others to get moving,E,-1
Activity-Level,Enjoy taking my time with tasks,E,-1
Activity-Level,Prefer to lounge rather than rush,E,-1
Activity-Level,Enjoy lounging without urgency,E,-1
Activity-Level,Often procrastinate on tasks,E,-1
Activity-Level,Prefer to take things easy and not rush,E,-1
Activity-Level,Prefer to take frequent breaks,E,-1
Activity-Level,Prefer to take a leisurely approach,E,-1
Activity-Level,Struggle to find motivation,E,-1
Activity-Level,Prefer to take things slow and easy,E,-1
Activity-Level,Enjoy a leisurely approach to daily tasks,E,-1
Activity-Level,Prefer taking things one step at a time,E,-1
Activity-Level,Tend to procrastinate before taking action,E,-1
Activity-Level,Enjoy lounging around without any rush,E,-1
Activity-Level,Take the initiative to make things happen,E,1
Activity-Level,Enjoy taking your time with daily activities,E,-1
Activity-Level,Tend to procrastinate until the last minute,E,-1
Activity-Level,Prefer to avoid rushing around,E,-1
Activity-Level,Tend to take things at a leisurely pace,E,-1
Activity-Level,Prefer to move at a slower pace,E,-1
Activity-Level,Prefer to move slowly and steadily,E,-1
Activity-Level,Prefer taking things slow and steady,E,-1
Activity-Level,Lacks energy to complete tasks,E,-1
Activity-Level,Frequently take long breaks,E,-1
Activity-Level,Tend to avoid exerting much effort,E,-1
Activity-Level,Lack motivation to take initiative,E,-1
Activity-Level,Lack enthusiasm in tasks,E,-1
Activity-Level,Prefer to relax rather than engage in activities,E,-1
Activity-Level,Thrives in fast-paced environments,E,1
Activity-Level,Handles multiple tasks effortlessly,E,1
Activity-Level,Are always busy,E,1
Activity-Level,Maintains high energy throughout the day,E,1
Activity-Level,Juggles responsibilities with ease,E,1
Activity-Level,Energizes those around them,E,1
Activity-Level,Completes projects swiftly,E,1
Activity-Level,Are always efficient with their time,E,1
Activity-Level,Balances diverse tasks seamlessly,E,1
Activity-Level,Consistently performs at a high level,E,1
Activity-Level,Keeps up with demanding schedules,E,1
Activity-Level,Excels in multitasking,E,1
Activity-Level,Stays productive under pressure,E,1
Activity-Level,Quickly shifts focus when needed,E,1
Activity-Level,Keep up a fast pace in daily activities,E,1
Activity-Level,Keeps momentum going strong,E,1
Activity-Level,Do a lot in your spare time,E,1
Activity-Level,Stays on top of priorities,E,1
Activity-Level,Handles high workloads with grace,E,1
Activity-Level,Engage in various activities with enthusiasm,E,1
Activity-Level,Maintains a brisk working pace,E,1
Activity-Level,Stays sharp in dynamic settings,E,1
Activity-Level,Effortlessly switches between tasks,E,1
Activity-Level,Completes assignments promptly,C,1
Activity-Level,Keeps a steady workflow,E,1
Activity-Level,Are always on the go,E,1
Activity-Level,Operates efficiently under deadlines,E,1
Activity-Level,Accomplish a lot of work,E,1
Activity-Level,Demonstrates high productivity,E,1
Activity-Level,Pursues goals with vigor,E,1
Activity-Level,Keeps a fast tempo in work,E,1
Activity-Level,Works effectively under pressure,C,1
Activity-Level,Thrives in ever-changing circumstances,E,1
Activity-Level,Remains alert and responsive,E,1
Activity-Level,Keep their schedule full,E,1
Activity-Level,Consistently meets tight deadlines,E,1
Activity-Level,Motivates others with high energy,E,1
Activity-Level,Fill every moment with action and tasks,E,1
Activity-Level,Maintains high output levels,E,1
Activity-Level,Quickly processes new information,E,1
Activity-Level,Balances work and play effectively,E,1
Activity-Level,Takes initiative in fast-paced projects,E,1
Activity-Level,Stays upbeat during busy periods,E,1
Activity-Level,Completes tasks ahead of schedule,C,1
Activity-Level,Thinks and acts quickly,E,1
Activity-Level,Keeps a rapid working rhythm,E,1
Activity-Level,Easily manages a heavy workload,E,1
Activity-Level,Are always decisive and active,E,1
Activity-Level,Maintains efficiency in all tasks,E,1
Activity-Level,Are always quick to complete tasks,E,1
Activity-Level,Effortlessly coordinates activities,E,1
Activity-Level,Maintains composure under stress,E,-1
Activity-Level,Quickly resolves issues,E,1
Activity-Level,Maximizes productivity in limited time,E,1
Activity-Level,Balances competing demands effectively,E,1
Activity-Level,Maintains energy during long hours,E,1
Activity-Level,Swiftly transitions between roles,E,1
Activity-Level,Handles urgent tasks effectively,E,1
Activity-Level,Efficiently orchestrates projects,E,1
Activity-Level,Stay active and engaged through challenges,E,1
Activity-Level,Adapts to fast-moving projects,E,1
Activity-Level,Are always quick to learn new skills,E,1
Activity-Level,Engage in numerous activities frequently,E,1
Activity-Level,Keeps a lively work atmosphere,E,1
Activity-Level,Maintains keen focus throughout tasks,C,1
Activity-Level,Operates smoothly under intense pressure,E,1
Activity-Level,Easily integrates into new teams,E,1
Activity-Level,Keeps productivity levels high,E,1
Activity-Level,Flourishes in demanding situations,E,1
Activity-Level,Completes work without delay,C,1
Activity-Level,Handles complex schedules with ease,E,1
Activity-Level,Stays composed during busy times,E,-1
Activity-Level,Always ready to take action,E,1
Activity-Level,Efficiently sorts through priorities,E,1
Activity-Level,Rapidly processes workload,E,1
Activity-Level,Have a packed schedule every day,E,1
Activity-Level,Keeps up with fast-moving trends,E,1
Activity-Level,Navigates tasks with agility,E,1
Activity-Level,Quickly pivots when necessary,E,1
Activity-Level,Enjoy being involved in numerous activities simultaneously,E,1
Activity-Level,Handles brisk workflows with skill,E,1
Activity-Level,Keeps energy levels high,E,1
Activity-Level,Responds swiftly to requests,E,1
Activity-Level,Takes on challenges with enthusiasm,E,1
Activity-Level,Maintains a strong pace in work,E,1
Activity-Level,Operates well in high-pressure roles,E,1
Activity-Level,Efficiently manages busy schedules,E,1
Activity-Level,Keeps a dynamic work approach,E,1
Activity-Level,Handles tasks with urgency,E,1
Activity-Level,Balances speed with accuracy,E,1
Activity-Level,Keeps a steady pace in projects,E,-1
Activity-Level,Easily adapts to workload changes,E,1
Activity-Level,Stays focused in high-demand settings,C,1
Activity-Level,Operates effectively under tight deadlines,E,1
Activity-Level,Quickly assesses situations,E,1
Activity-Level,Handles high-pressure tasks smoothly,E,1
Activity-Level,Keeps a proactive work style,E,1
Activity-Level,Effortlessly meets tight timelines,E,1
Activity-Level,Keep themselves busy with various tasks,E,1
Activity-Level,Swiftly gears up for new tasks,E,1
Activity-Level,Can manage many things at the same time,E,1
Activity-Level,Maintains momentum in projects,E,1
Activity-Level,Easily navigates busy workdays,E,1
Activity-Level,Keeps tasks moving forward,E,1
Activity-Level,Take on multiple projects at once,E,1
Activity-Level,Stays motivated in demanding roles,E,1
Activity-Level,Manages urgency with skill,E,1
Activity-Level,Keeps a brisk pace in all activities,E,1
Activity-Level,Responds promptly to challenges,E,1
Activity-Level,Maintains efficiency in high-volume tasks,E,1
Activity-Level,Easily coordinates multiple projects,E,1
Activity-Level,Thrives in high-speed work settings,E,1
Activity-Level,Keeps a rapid and steady work flow,E,1
Activity-Level,Efficiently balances workload,E,1
Activity-Level,Always ready for action,E,1
Activity-Level,Keep a fast pace in everything they do,E,1
Activity-Level,Keeps high energy in work,E,1
Activity-Level,Handles fast turnarounds with ease,E,1
Activity-Level,Maintains speed without sacrificing quality,E,1
Activity-Level,Responds quickly to new tasks,E,1
Activity-Level,Takes on work with vigor,E,1
Activity-Level,Are always efficient in completing tasks,E,1
Activity-Level,Effectively manages fast-paced roles,E,1
Activity-Level,Keeps projects on schedule,E,1
Activity-Level,Rapidly adapts to new demands,E,1
Activity-Level,Handles diverse tasks efficiently,E,1
Activity-Level,Maintains a lively work environment,E,1
Activity-Level,Quickly moves from task to task,E,1
Activity-Level,Handles work rushes adeptly,E,1
Activity-Level,Keeps pace in high-demand roles,E,1
Activity-Level,Operates effectively in dynamic settings,E,1
Activity-Level,Efficiently prioritizes tasks,E,1
Activity-Level,Handles urgent work smoothly,E,1
Activity-Level,Keeps work flowing steadily,E,1
Activity-Level,Maintains high productivity in busy periods,E,1
Activity-Level,Swiftly completes assignments,E,1
Activity-Level,Responds effectively to fast-paced changes,E,1
Activity-Level,Keeps a vigorous work ethic,E,1
Activity-Level,Adapts to high-speed work easily,E,1
Activity-Level,Handles pressure with agility,E,1
Activity-Level,Stay busy with various tasks,E,1
Activity-Level,Maintains effectiveness in busy roles,E,1
Activity-Level,Efficiently tackles multiple projects,E,1
Activity-Level,Keeps a quick work rhythm,E,1
Activity-Level,Easily maintains high productivity,E,1
Activity-Level,Operates smoothly in fast-paced environments,E,1
Activity-Level,Efficiently handles rapid changes,E,1
Activity-Level,Keeps up with fast-paced demands,E,1
Activity-Level,Maintains a quick and steady workflow,E,1
Activity-Level,Frequently engage in various activities,E,1
Activity-Level,Handles fast-paced work adeptly,E,1
Activity-Level,Keeps projects moving efficiently,E,1
Activity-Level,Responds quickly to task changes,E,1
Activity-Level,Maintains high energy in work settings,E,1
Activity-Level,Efficiently manages multiple responsibilities,C,1
Activity-Level,Handles demanding roles with skill,E,1
Activity-Level,Keeps a fast-paced work tempo,E,1
Activity-Level,Adapts quickly in dynamic roles,E,1
Activity-Level,Maintains productivity in fast-paced environments,E,1
Activity-Level,Efficiently handles complex workloads,E,1
Activity-Level,Keeps up with demanding tasks,E,1
Activity-Level,Responds swiftly in high-pressure situations,E,1
Activity-Level,Keeps a quick and efficient work pace,E,1
Activity-Level,Effectively manages urgent tasks,E,1
Activity-Level,Maintains focus in high-speed settings,E,1
Activity-Level,Keeps projects on track,E,1
Activity-Level,Operates efficiently under pressure,E,1
Activity-Level,Handles fast-moving work skillfully,E,1
Activity-Level,Keeps energy levels up in demanding roles,E,1
Activity-Level,Efficiently adapts to workload changes,E,-1
Activity-Level,Are always organized,C,1
Activity-Level,Maintains high output in fast-paced work,E,1
Activity-Level,Handles rapid task changes smoothly,E,1
Activity-Level,Keeps a dynamic and efficient workflow,E,1
Activity-Level,Effortlessly maintains high productivity,E,1
Activity-Level,Move swiftly from one task to another,E,1
Activity-Level,Keeps a steady and quick work pace,E,1
Activity-Level,Efficiently juggles multiple tasks,E,1
Activity-Level,Maintains efficiency in dynamic roles,E,1
Activity-Level,Keeps a fast tempo in demanding work,E,1
Activity-Level,Handles urgent demands with ease,E,1
Activity-Level,Keeps projects progressing swiftly,E,1
Activity-Level,Adapts quickly to high-speed tasks,E,1
Activity-Level,Maintains productivity in high-demand settings,E,1
Activity-Level,Operates effectively in fast-paced environments,E,1
Activity-Level,Efficiently manages complex responsibilities,C,1
Activity-Level,Keeps up with high-speed work,E,1
Activity-Level,Handles rapid changes effectively,E,1
Activity-Level,Keeps a brisk and steady work flow,E,1
Activity-Level,Effortlessly manages demanding tasks,E,1
Activity-Level,Responds quickly to task demands,E,1
Activity-Level,Maintains high energy in busy roles,E,1
Activity-Level,Efficiently handles fast-paced work,E,1
Activity-Level,Keeps projects moving at a rapid pace,E,1
Activity-Level,Adapts quickly to new tasks,E,1
Activity-Level,Keeps productivity levels high in dynamic environments,E,1
Activity-Level,Handles high-speed demands with skill,E,1
Activity-Level,Keeps a quick and efficient work rhythm,E,1
Activity-Level,Effectively manages urgent changes,E,1
Activity-Level,Maintains focus in fast-paced roles,E,1
Activity-Level,Keeps tasks moving efficiently,E,1
Activity-Level,Operates smoothly in high-pressure environments,C,1
Activity-Level,Efficiently handles rapid task changes,E,1
Activity-Level,Keeps projects on a fast track,E,1
Activity-Level,Maintains high output in busy periods,E,1
Activity-Level,Handles fast-paced work with ease,E,1
Activity-Level,Keeps up with demanding workloads,E,1
Activity-Level,Responds swiftly to task changes,E,1
Activity-Level,Maintain high energy throughout the day,E,1
Activity-Level,Efficiently manages multiple tasks simultaneously,E,1
Activity-Level,Maintains a brisk work pace,E,1
Activity-Level,Handles high-pressure roles effectively,E,1
Activity-Level,Keeps a quick and steady work tempo,E,1
Activity-Level,Effortlessly adapts to workload changes,E,1
Activity-Level,Maintains high productivity in fast-paced environments,E,1
Activity-Level,Keeps energy levels high in demanding work,E,1
Activity-Level,Efficiently handles complex tasks,E,1
Activity-Level,Keep yourself constantly engaged in tasks,E,1
Activity-Level,Adapts quickly to high-speed demands,E,1
Activity-Level,Maintains productivity in dynamic roles,E,1
Activity-Level,Handles demanding tasks with skill,E,1
Activity-Level,Keeps a fast-paced work rhythm,E,1
Activity-Level,Responds effectively to rapid changes,E,1
Activity-Level,Keeps tasks organized in busy work settings,E,1
Activity-Level,Maintains high output in high-speed environments,E,1
Activity-Level,Stay active and engaged throughout the day,E,1
Activity-Level,Keeps a brisk and efficient work flow,E,1
Activity-Level,Handles fast-moving work smoothly,E,1
Activity-Level,Keeps up with high-speed tasks,E,1
Activity-Level,Effortlessly manages demanding roles,E,1
Activity-Level,Responds quickly to complex demands,E,1
Activity-Level,Maintains high energy in fast-paced settings,E,1
Activity-Level,Efficiently handles rapid workload changes,E,1
Activity-Level,Keep yourself occupied with various tasks throughout the day,E,1
Activity-Level,Adapts quickly to dynamic work environments,E,1
Activity-Level,Maintains productivity in high-pressure tasks,E,1
Activity-Level,Handles urgent changes effectively,E,1
Activity-Level,Keeps a quick and steady work pace,E,1
Activity-Level,Efficiently manages demanding workloads,E,1
Activity-Level,Keeps tasks moving swiftly,E,1
Activity-Level,Operates smoothly in fast-paced roles,E,1
Activity-Level,Efficiently handles complex responsibilities,E,1
Activity-Level,Keeps a brisk and dynamic work approach,E,1
Activity-Level,Maintains high output in demanding settings,E,1
Activity-Level,Handles high-speed demands with agility,E,1
Activity-Level,Keeps projects progressing efficiently,E,1
Activity-Level,Adapts quickly to fast-moving tasks,E,1
Activity-Level,Maintains productivity in busy environments,E,1
Activity-Level,Handles urgent tasks with skill,E,1
Activity-Level,Handle high-pressure situations with ease,E,1
Activity-Level,Responds effectively to high-speed changes,E,1
Activity-Level,Keeps tasks organized and moving,E,1
Activity-Level,Maintains high energy in demanding roles,E,1
Activity-Level,Keep yourself busy with different tasks,E,1
Activity-Level,Handle multiple projects efficiently,E,1
Activity-Level,Keep yourself constantly busy,E,1
Activity-Level,Move at a fast pace,E,1
Activity-Level,Thrive in dynamic environments,E,1
Activity-Level,Stay busy with numerous tasks,E,1
Activity-Level,Maintain a high pace in their daily routines,E,1
Activity-Level,Constantly juggling multiple tasks throughout the day,E,1
Activity-Level,Effortlessly manages complex workloads,E,1
Activity-Level,Maintains high output in fast-paced periods,E,1
Activity-Level,Consistently maintain a high level of productivity,E,1
Activity-Level,Keeps a steady and brisk work flow,E,1
Activity-Level,Efficiently manages demanding tasks,E,1
Activity-Level,Keep myself occupied with various tasks throughout the day,E,1
Activity-Level,Adapts quickly to new demands,O,1
Activity-Level,Maintains productivity in high-speed environments,E,1
Activity-Level,Handles high-pressure roles with skill,E,1
Activity-Level,Maintain a high pace in various tasks,E,1
Activity-Level,Responds quickly to urgent changes,E,1
Activity-Level,Keeps tasks organized in dynamic settings,E,1
Activity-Level,Maintains high energy in busy work,E,1
Activity-Level,Constantly seek new tasks to tackle,E,1
Activity-Level,Stay busy with various tasks throughout the day,E,1
Activity-Level,Adapts quickly to fast-paced roles,E,1
Activity-Level,Maintains productivity in demanding environments,E,1
Activity-Level,Stay busy and productive throughout the day,E,1
Activity-Level,Keeps a quick and steady work rhythm,E,1
Activity-Level,Effortlessly manages demanding workloads,E,1
Activity-Level,Responds effectively to high-speed demands,E,1
Activity-Level,Consistently juggle multiple tasks efficiently,E,1
Activity-Level,Operates smoothly in fast-paced tasks,E,1
Activity-Level,Are always efficient and adaptable to workload changes,E,1
Activity-Level,Keeps a brisk and efficient work approach,E,1
Activity-Level,Maintains high output in busy settings,E,1
Activity-Level,Handles fast-paced work with skill,E,1
Activity-Level,Keep yourself busy with various activities throughout the day,E,1
Activity-Level,Responds swiftly to complex changes,E,1
Activity-Level,Keeps a dynamic work flow,E,1
Activity-Level,Thrive in fast-paced environments,E,1
Activity-Level,Maintain high energy throughout the day,E,1
Activity-Level,Handle fast-paced environments with ease,E,1
Activity-Level,Keep yourself occupied with various activities,E,1
Activity-Level,Effortlessly adapts to dynamic changes,E,1
Activity-Level,Maintains high productivity in busy settings,E,1
Activity-Level,Keeps energy levels high in demanding roles,E,1
Activity-Level,Keep yourself occupied with various tasks,E,1
Activity-Level,Constantly juggle multiple tasks effortlessly,E,1
Activity-Level,Adapts quickly to high-speed environments,E,1
Activity-Level,Maintains productivity in demanding tasks,E,1
Activity-Level,Keep themselves busy throughout the day,E,1
Activity-Level,Maintain a fast-paced routine,E,1
Activity-Level,Responds effectively to rapid demands,E,1
Activity-Level,Always on the go and involved in various activities,E,1
Activity-Level,Maintains high energy in dynamic roles,E,1
Activity-Level,Maintain a fast pace,E,1
Activity-Level,Always on the go,E,1
Activity-Level,Thrive in environments that require multitasking and constant movement,E,1
Activity-Level,Maintains productivity in high-speed tasks,E,1
Activity-Level,Handles urgent demands with agility,E,1
Activity-Level,Keep yourself busy with various tasks,E,1
Activity-Level,Keep myself constantly busy,E,1
Activity-Level,Handle multiple tasks efficiently and swiftly,E,1
Activity-Level,Efficiently handles a packed schedule,E,1
Activity-Level,Handle a fast-paced environment with ease,E,1
Activity-Level,Maintain a fast-paced lifestyle effortlessly,E,1
Activity-Level,Maintain a busy schedule,E,1
Activity-Level,Keep myself constantly engaged,E,1
Activity-Level,Handle tasks with high energy and efficiency,E,1
Activity-Level,Stay productive throughout the day,E,1
Activity-Level,Energetic and always on the move,E,1
Activity-Level,Handles urgent tasks with ease,E,1
Activity-Level,Keep yourself constantly occupied,E,1
Activity-Level,Stay consistently active throughout the day,E,1
Activity-Level,Effectively juggle multiple tasks throughout the day,E,1
Activity-Level,Constantly find themselves engaged in various tasks,E,1
Activity-Level,Juggles multiple tasks effortlessly,E,1
Activity-Level,Always active throughout the day,E,1
Activity-Level,Stay actively engaged with multiple projects,E,1
Activity-Level,Move with a sense of urgency,E,1
Activity-Level,Handles demanding tasks with ease,E,1
Activity-Level,Constantly juggling numerous tasks with ease,E,1
Activity-Level,Keep yourself engaged with various tasks throughout the day,E,1
Activity-Level,Engage actively in various tasks,E,1
Activity-Level,Frequently engage in various tasks,E,1
Activity-Level,Keep themselves engaged with various tasks throughout the day,E,1
Activity-Level,Efficiently juggles multiple tasks without breaking a sweat,E,1
Activity-Level,Always on the move and busy with various tasks,E,1
Activity-Level,Stay busy and engaged in various activities,E,1
Activity-Level,Handle multiple tasks efficiently,E,1
Activity-Level,Stay highly productive under pressure,E,1
Activity-Level,Constantly moving from one task to another,E,1
Activity-Level,Keep yourself occupied with numerous tasks,E,1
Activity-Level,Constantly seek new challenges and experiences,E,1
Activity-Level,Have a fast-paced lifestyle,E,1
Activity-Level,Consistently engage in various tasks,E,1
Activity-Level,Always on the go and looking for the next task,E,1
Activity-Level,Keep yourself busy with various projects,E,1
Activity-Level,Keep projects moving efficiently,E,1
Activity-Level,Stay busy with various activities throughout the day,E,1
Activity-Level,Have a packed schedule,E,1
Activity-Level,Constantly in motion,E,1
Activity-Level,Have a busy schedule and keep active,E,1
Activity-Level,Keep yourself busy from morning till night,E,1
Activity-Level,Handle tasks with a sense of urgency,E,1
Activity-Level,Fill their schedule with activities,E,1
Activity-Level,Constantly moving and doing things,E,1
Activity-Level,Keep yourself engaged with various tasks,E,1
Assertiveness,Often hesitate to take the lead in group situations,E,-1
Assertiveness,Prefer avoiding confrontations whenever possible,E,-1
Assertiveness,Usually let others make the decisions,E,-1
Assertiveness,Rarely express disagreement openly,E,-1
Assertiveness,Feel uncomfortable being the center of attention,E,-1
Assertiveness,Tend to wait for others to speak first,E,-1
Assertiveness,Dislike asserting my own needs over others,E,-1
Assertiveness,Frequently avoid taking initiative in projects,E,-1
Assertiveness,Find it hard to stand up for myself,E,-1
Assertiveness,Resist being the one to start new conversations,E,-1
Assertiveness,Frequently defer to others opinions,E,-1
Assertiveness,Often keep my thoughts to myself,E,-1
Assertiveness,Prefer to follow rather than lead,E,-1
Assertiveness,Rarely volunteer for leadership roles,E,-1
Assertiveness,Typically avoid arguing even when I disagree,E,-1
Assertiveness,Feel uneasy about taking charge in group settings,E,-1
Assertiveness,Prefer listening to others rather than speaking up,E,-1
Assertiveness,Seldom assert my own point of view,E,-1
Assertiveness,Tend to hold back my opinions,E,-1
Assertiveness,Avoid being the person in charge,E,-1
Assertiveness,Let others take the spotlight,E,-1
Assertiveness,Feel better letting others make the big decisions,E,-1
Assertiveness,Seldom dominate a conversation,E,-1
Assertiveness,Prefer not to be in positions of authority,E,-1
Assertiveness,Usually go along with what others suggest,E,-1
Assertiveness,Feel more comfortable as a follower,E,-1
Assertiveness,Rarely take the lead in discussions,E,-1
Assertiveness,Avoid being the first to volunteer,E,-1
Assertiveness,Tend to shy away from leadership opportunities,E,-1
Assertiveness,Let others express their views before I do,E,-1
Assertiveness,Dislike being in charge of others,E,-1
Assertiveness,Feel uneasy about asserting myself,E,-1
Assertiveness,Tend to be reserved in group activities,E,-1
Assertiveness,Often keep my ideas to myself,E,-1
Assertiveness,Prefer not to initiate conversations,E,-1
Assertiveness,Let others steer the direction of a project,E,-1
Assertiveness,Usually step back rather than step up,E,-1
Assertiveness,Struggle with being the authoritative voice,E,-1
Assertiveness,Avoid making waves in social settings,E,-1
Assertiveness,Feel reluctant to push my opinions,E,-1
Assertiveness,Prefer to play a supporting role,E,-1
Assertiveness,Rarely insist on having my way,E,-1
Assertiveness,Feel more at ease following directions,E,-1
Assertiveness,Let others take the lead in decision-making,E,-1
Assertiveness,Tend to avoid taking control of situations,E,-1
Assertiveness,Seldom speak out in group discussions,E,-1
Assertiveness,Feel more comfortable in the background,E,-1
Assertiveness,Avoid being the one to set the agenda,E,-1
Assertiveness,Prefer to let others handle negotiations,E,-1
Assertiveness,Rarely put myself forward in social settings,E,-1
Assertiveness,Tend to stay quiet in meetings,E,-1
Assertiveness,Avoid being the one to make the final call,E,-1
Assertiveness,Feel more secure when others take the lead,E,-1
Assertiveness,Seldom propose my own ideas first,E,-1
Assertiveness,Prefer to let others take charge,E,-1
Assertiveness,Find it challenging to assert my needs,E,-1
Assertiveness,Feel uneasy about being outspoken,E,-1
Assertiveness,Tend to yield to others opinions,E,-1
Assertiveness,Prefer not to be in the spotlight,E,-1
Assertiveness,Rarely push for my own preferences,E,-1
Assertiveness,Avoid being the one to initiate change,E,-1
Assertiveness,Feel more comfortable being part of the team,E,-1
Assertiveness,Seldom challenge others viewpoints,E,-1
Assertiveness,Prefer to stay in the background,E,-1
Assertiveness,Let others take the lead in conversations,E,-1
Assertiveness,Tend to avoid standing out,E,-1
Assertiveness,Seldom seek leadership roles,E,-1
Assertiveness,Prefer to let others express their ideas,E,-1
Assertiveness,Rarely take the forefront in activities,E,-1
Assertiveness,Feel better supporting others decisions,E,-1
Assertiveness,Avoid being the one to drive discussions,E,-1
Assertiveness,Feel more comfortable when not in charge,E,-1
Assertiveness,Seldom take the initiative in social settings,E,-1
Assertiveness,Prefer to let others take responsibility,E,-1
Assertiveness,Tend to follow rather than lead,E,-1
Assertiveness,Rarely initiate new projects,E,-1
Assertiveness,Feel more at ease when not in the spotlight,E,-1
Assertiveness,Let others take the lead in group activities,E,-1
Assertiveness,Avoid being the one to set the pace,E,-1
Assertiveness,Feel more comfortable supporting others,E,-1
Assertiveness,Seldom assert my own preferences,E,-1
Assertiveness,Prefer to blend in rather than stand out,E,-1
Assertiveness,Rarely take the lead in organizing events,E,-1
Assertiveness,Feel more at ease when others take charge,E,-1
Assertiveness,Tend to stay quiet in group settings,E,-1
Assertiveness,Avoid being the one to make the first move,E,-1
Assertiveness,Feel better when others take the initiative,E,-1
Assertiveness,Seldom express my own needs,E,-1
Assertiveness,Prefer to let others take the spotlight,E,-1
Assertiveness,Rarely seek the role of leader,E,-1
Assertiveness,Feel more secure when following others,E,-1
Assertiveness,Avoid being the one to take control,E,-1
Assertiveness,Feel more comfortable letting others decide,E,-1
Assertiveness,Seldom push my own agenda,E,-1
Assertiveness,Prefer to stay on the sidelines,E,-1
Assertiveness,Rarely take the forefront in discussions,E,-1
Assertiveness,Feel better when others lead the way,E,-1
Assertiveness,Avoid being the one to take the initiative,E,-1
Assertiveness,Avoid taking charge in group settings,E,-1
Assertiveness,Seldom speak up first in conversations,E,-1
Assertiveness,Prefer to let others take the reins,E,-1
Assertiveness,Rarely express my own views,E,-1
Assertiveness,Feel more at ease when others lead,E,-1
Assertiveness,Avoid being the one to make decisions,E,-1
Assertiveness,Feel better when others take responsibility,E,-1
Assertiveness,Seldom put myself forward,E,-1
Assertiveness,Prefer to let others make the choices,E,-1
Assertiveness,Rarely take the lead in social situations,E,-1
Assertiveness,Feel more comfortable being a follower,E,-1
Assertiveness,Avoid being the one to set directions,E,-1
Assertiveness,Feel more at ease when not taking charge,E,-1
Assertiveness,Seldom assert my opinions,E,-1
Assertiveness,Prefer to let others express their thoughts,E,-1
Assertiveness,Rarely take the lead in group endeavors,E,-1
Assertiveness,Feel better when others are in control,E,-1
Assertiveness,Avoid being the one to make the first step,E,-1
Assertiveness,Feel more comfortable supporting others ideas,E,-1
Assertiveness,Seldom take the initiative in decision-making,E,-1
Assertiveness,Prefer to let others take the lead,E,-1
Assertiveness,Rarely assert myself in group settings,E,-1
Assertiveness,Feel more secure when others make the calls,E,-1
Assertiveness,Avoid being the one to lead conversations,E,-1
Assertiveness,Feel more comfortable when others are in charge,E,-1
Assertiveness,Seldom push my own ideas,E,-1
Assertiveness,Prefer to let others take the initiative,E,-1
Assertiveness,Rarely take the forefront in group activities,E,-1
Assertiveness,Feel better when others guide the process,E,-1
Assertiveness,Avoid being the one to start discussions,E,-1
Assertiveness,Feel more at ease when supporting others,E,-1
Assertiveness,Seldom express my own preferences,E,-1
Assertiveness,Prefer to let others steer the course,E,-1
Assertiveness,Rarely seek leadership positions,E,-1
Assertiveness,Feel more comfortable when not in the spotlight,E,-1
Assertiveness,Avoid being the one to set the tone,E,-1
Assertiveness,Feel better when others take the lead,E,-1
Assertiveness,Seldom assert my own thoughts,E,-1
Assertiveness,Prefer to let others take control,E,-1
Assertiveness,Rarely take the initiative in conversations,E,-1
Assertiveness,Feel more at ease when others make decisions,E,-1
Assertiveness,Avoid being the one to take the lead,E,-1
Assertiveness,Feel more comfortable when others are responsible,E,-1
Assertiveness,Seldom put forward my own ideas,E,-1
Assertiveness,Prefer to let others lead the way,E,-1
Assertiveness,Rarely assert my own needs,E,-1
Assertiveness,Feel more secure when others are in charge,E,-1
Assertiveness,Avoid being the one to take charge of discussions,E,-1
Assertiveness,Feel more comfortable when others are decision-makers,E,-1
Assertiveness,Seldom take the lead in group discussions,E,-1
Assertiveness,Prefer to let others set the agenda,E,-1
Assertiveness,Rarely express my own views first,E,-1
Assertiveness,Feel more at ease when not in the lead,E,-1
Assertiveness,Avoid being the one to initiate actions,E,-1
Assertiveness,Feel more comfortable supporting others initiatives,E,-1
Assertiveness,Seldom take the lead in making plans,E,-1
Assertiveness,Prefer to let others take the forefront,E,-1
Assertiveness,Rarely assert my own desires,E,-1
Assertiveness,Feel more secure when others handle leadership,E,-1
Assertiveness,Avoid being the one to drive initiatives,E,-1
Assertiveness,Feel more comfortable following others guidance,E,-1
Assertiveness,Seldom express my own opinions first,E,-1
Assertiveness,Prefer to let others be in charge,E,-1
Assertiveness,Rarely take the initiative in group settings,E,-1
Assertiveness,Feel more at ease when others lead the charge,E,-1
Assertiveness,Avoid being the one to start projects,E,-1
Assertiveness,Feel more comfortable when others make the decisions,E,-1
Assertiveness,Seldom assert my own perspective,E,-1
Assertiveness,Prefer to let others take the helm,E,-1
Assertiveness,Rarely take the lead in collaborative efforts,E,-1
Assertiveness,Feel better when others guide the direction,E,-1
Assertiveness,Avoid being the one to initiate interactions,E,-1
Assertiveness,Feel more at ease when others take the initiative,E,-1
Assertiveness,Seldom take the lead in expressing ideas,E,-1
Assertiveness,Prefer to let others manage the process,E,-1
Assertiveness,Rarely assert my own voice,E,-1
Assertiveness,Feel more secure when others are leaders,E,-1
Assertiveness,Avoid being the one to make the first suggestion,E,-1
Assertiveness,Tend to avoid taking charge in group settings,E,-1
Assertiveness,Seldom put my own views forward,E,-1
Assertiveness,Prefer to let others take the lead role,E,-1
Assertiveness,Rarely take the initiative in discussions,E,-1
Assertiveness,Feel more at ease when others are at the forefront,E,-1
Assertiveness,Avoid being the one to set the pace in conversations,E,-1
Assertiveness,Feel more comfortable when others handle leadership,E,-1
Assertiveness,Seldom take the lead in proposing ideas,E,-1
Assertiveness,Prefer to let others determine the course,E,-1
Assertiveness,Rarely assert my own position,E,-1
Assertiveness,Feel more secure when others take responsibility,E,-1
Assertiveness,Avoid being the one to initiate decisions,E,-1
Assertiveness,Feel more comfortable supporting others leadership,E,-1
Assertiveness,Seldom express my own preferences first,E,-1
Assertiveness,Prefer to let others guide the way,E,-1
Assertiveness,Rarely take the lead in social interactions,E,-1
Assertiveness,Feel more at ease when others are in control,E,-1
Assertiveness,Avoid being the one to lead the charge,E,-1
Assertiveness,Feel more comfortable when others take the reins,E,-1
Assertiveness,Seldom put myself forward in group settings,E,-1
Assertiveness,Prefer to avoid confrontation at all costs,E,-1
Assertiveness,Rarely assert my own ideas first,E,-1
Assertiveness,Feel more secure when others are decision-makers,E,-1
Assertiveness,Avoid being the one to drive the conversation,E,-1
Assertiveness,Feel more comfortable when others lead group efforts,E,-1
Assertiveness,Seldom take the lead in organizing activities,E,-1
Assertiveness,Prefer to let others take the command,E,-1
Assertiveness,Rarely assert myself in discussions,E,-1
Assertiveness,Feel more at ease when others are at the helm,E,-1
Assertiveness,Avoid being the one to initiate projects,E,-1
Assertiveness,Feel more comfortable when others take the lead,E,-1
Assertiveness,Seldom put my own thoughts forward first,E,-1
Assertiveness,Prefer to let others handle leadership roles,E,-1
Assertiveness,Rarely take the initiative in expressing opinions,E,-1
Assertiveness,Feel more secure when others guide the process,E,-1
Assertiveness,Avoid taking charge in group situations,E,-1
Assertiveness,Feel more comfortable when others take responsibility,E,-1
Assertiveness,Seldom express my own views first in conversations,E,-1
Assertiveness,Prefer to let others lead the discussion,E,-1
Assertiveness,Avoid making decisions in group settings,E,-1
Assertiveness,Feel more at ease when others handle leadership,E,-1
Assertiveness,Avoid being the one to set the direction,E,-1
Assertiveness,Feel more comfortable when others take initiative,E,-1
Assertiveness,Seldom take the lead in proposing solutions,E,-1
Assertiveness,Rarely speak up in group settings,E,-1
Assertiveness,Rarely assert my own views in group settings,E,-1
Assertiveness,Feel more secure when others are at the forefront,E,-1
Assertiveness,Struggle to express your opinions confidently,E,-1
Assertiveness,Feel more comfortable supporting others decisions,E,-1
Assertiveness,Avoid taking charge,E,-1
Assertiveness,Prefer to let others guide the conversation,E,-1
Assertiveness,Avoid speaking up in groups,E,-1
Assertiveness,Feel more at ease when others take control,E,-1
Assertiveness,Avoid being the one to make the first decision,E,-1
Assertiveness,Feel more comfortable when others drive group efforts,E,-1
Assertiveness,Seldom take the lead in setting plans,E,-1
Assertiveness,Shy away from taking charge in group settings,E,-1
Assertiveness,Rarely assert my own ideas in group activities,E,-1
Assertiveness,Feel more secure when others are steering the process,E,-1
Assertiveness,Avoid speaking up in group settings,E,-1
Assertiveness,Feel more comfortable when others take the initiative,E,-1
Assertiveness,Seldom express my own thoughts first,E,-1
Assertiveness,Prefer to let others take the lead in decisions,E,-1
Assertiveness,Rarely take the lead in group discussions,E,-1
Assertiveness,Feel more at ease when others are in charge,E,-1
Assertiveness,Avoid speaking up even when necessary,E,-1
Assertiveness,Prefer to remain in the background,E,-1
Assertiveness,Prefer to avoid confrontation,E,-1
Assertiveness,Avoid taking control in group situations,E,-1
Assertiveness,Struggle to take charge in group settings,E,-1
Assertiveness,Are reluctant to take charge in group settings,E,-1
Assertiveness,Follow instructions without question,E,-1
Assertiveness,Feel more comfortable when others make decisions,E,-1
Assertiveness,Seldom assert my own needs in group settings,E,-1
Assertiveness,Prefer to let others lead the conversation,E,-1
Assertiveness,Rarely take the lead in expressing views,E,-1
Assertiveness,Feel more at ease when others are steering the process,E,-1
Assertiveness,Avoid being the one to initiate plans,E,-1
Assertiveness,Rarely take charge in group settings,E,-1
Assertiveness,Avoid taking the lead in discussions,E,-1
Assertiveness,Avoid the spotlight,E,-1
Assertiveness,Rarely assert my own ideas in discussions,E,-1
Assertiveness,Feel more secure when others are guiding the way,E,-1
Assertiveness,Avoid taking initiative in group settings,E,-1
Assertiveness,Feel more comfortable when others handle decision-making,E,-1
Assertiveness,Seldom express my own views first,E,-1
Assertiveness,Prefer to let others lead group efforts,E,-1
Assertiveness,Rarely take the lead in setting agendas,E,-1
Assertiveness,Avoid taking control,E,-1
Assertiveness,Avoid being the one to initiate conversations,E,-1
Assertiveness,Feel more comfortable when others drive the process,E,-1
Assertiveness,Seldom assert my own thoughts in group settings,E,-1
Assertiveness,Tend to avoid taking the lead in group settings,E,-1
Assertiveness,Rarely take the lead in social settings,E,-1
Assertiveness,Feel more secure when others are leading,E,-1
Assertiveness,Tend to avoid direct confrontations,E,-1
Assertiveness,Seldom express my own ideas first,E,-1
Assertiveness,Feel uncomfortable giving orders to others,E,-1
Assertiveness,Rarely assert myself in group activities,E,-1
Assertiveness,Avoid taking the lead in group situations,E,-1
Assertiveness,Avoid stepping into leadership roles,E,-1
Assertiveness,Tend to avoid confrontation,E,-1
Assertiveness,Lack the confidence to express your opinions openly,E,-1
Assertiveness,Avoids confrontation at all costs,E,-1
Assertiveness,Rarely take the lead in expressing ideas,E,-1
Assertiveness,Avoid speaking up in group discussions,E,-1
Assertiveness,Hesitate to express my opinions strongly,E,-1
Assertiveness,Struggle to speak up for yourself,E,-1
Assertiveness,Seldom take the lead in group endeavors,E,-1
Assertiveness,Prefer to let others set the direction,E,-1
Assertiveness,Rarely assert my own views in conversations,E,-1
Assertiveness,Struggle to speak up in group settings,E,-1
Assertiveness,Tend to stay silent in group discussions,E,-1
Assertiveness,Feel uncomfortable taking charge in group situations,E,-1
Assertiveness,Avoid expressing your own opinions,E,-1
Assertiveness,Feel uncomfortable speaking in front of groups,E,-1
Assertiveness,Avoid taking the lead in group activities,E,-1
Assertiveness,Let others make the decisions,E,-1
Assertiveness,Avoid taking control of situations,E,-1
Assertiveness,Avoid confrontation even when necessary,E,-1
Assertiveness,Rarely take the lead in group activities,E,-1
Assertiveness,Feel uncomfortable taking charge in group settings,E,-1
Assertiveness,Feel more at ease when others guide the way,E,-1
Assertiveness,Avoid taking the lead in group settings,E,-1
Assertiveness,Rarely take charge in a group setting,E,-1
Assertiveness,Tend to let others take the lead,E,-1
Assertiveness,Prefer to stay unnoticed,E,-1
Assertiveness,Rarely take the lead in expressing opinions,E,-1
Assertiveness,Struggle to express your own opinions clearly,E,-1
Assertiveness,Tend to avoid leadership roles,E,-1
Assertiveness,Hesitate to take charge,E,-1
Assertiveness,Seldom assert my own ideas in group activities,E,-1
Assertiveness,Prefer to let others guide the process,E,-1
Assertiveness,Easily give up in challenging situations,E,-1
Assertiveness,Often let others make decisions for me,E,-1
Assertiveness,Avoid taking the lead,E,-1
Assertiveness,Stand firm on your beliefs,E,1
Assertiveness,Rarely assert my own thoughts in discussions,E,-1
Assertiveness,Rarely take the lead in group situations,E,-1
Assertiveness,Tend to stay quiet during disagreements,E,-1
Assertiveness,Seldom take the lead in expressing views,E,-1
Assertiveness,Rarely assert my own needs in group settings,E,-1
Assertiveness,Feel more at ease when others are leading,E,-1
Assertiveness,Rarely stand my ground in disagreements,E,-1
Assertiveness,Avoid stepping on toes,E,-1
Assertiveness,Prefer to let others initiate conversations,E,-1
Assertiveness,Avoid voicing my own opinions,E,-1
Assertiveness,Feel more secure when others are in control,E,-1
Assertiveness,Tend to hold back in group discussions,E,-1
Assertiveness,Tend to avoid taking charge in group situations,E,-1
Assertiveness,Take the initiative boldly,E,1
Assertiveness,Let others make decisions for you,E,-1
Assertiveness,Hesitate to express opinions in group settings,E,-1
Assertiveness,Avoid taking charge in situations,E,-1
Assertiveness,Rarely take charge of situations,E,-1
Assertiveness,Avoid confrontation at all costs,E,-1
Assertiveness,Avoid taking charge of situations,E,-1
Assertiveness,Speak up for your own interests,E,1
Assertiveness,Give in to others' demands without question,E,-1
Assertiveness,Struggle to express my own viewpoints,E,-1
Assertiveness,Avoid standing up for what you believe in,E,-1
Assertiveness,Tend to let others make decisions,E,-1
Assertiveness,Avoid speaking up even when you disagree,E,-1
Assertiveness,Avoid expressing your desires openly,E,-1
Assertiveness,Tend to avoid speaking up in group settings,E,-1
Assertiveness,Tend to avoid taking the lead,E,-1
Assertiveness,Often avoid taking the lead in group settings,E,-1
Assertiveness,Often hold back my opinions,E,-1
Assertiveness,Reluctant to take charge in group settings,E,-1
Assertiveness,Rarely speak up in group discussions,E,-1
Assertiveness,Avoid speaking up in meetings,E,-1
Assertiveness,Struggle to speak up during discussions,E,-1
Assertiveness,Struggle to assert my own opinions,E,-1
Assertiveness,Prefer to avoid taking charge in group settings,E,-1
Assertiveness,Often hesitate to voice my own opinions,E,-1
Assertiveness,Hesitate to express my own needs,E,-1
Assertiveness,Speak up for my opinions,E,1
Assertiveness,Direct group activities,E,1
Assertiveness,Make decisions confidently,E,1
Assertiveness,Voice my thoughts loudly,E,1
Assertiveness,Lead discussions,E,1
Assertiveness,Challenge others viewpoints,E,1
Assertiveness,Influence outcomes,E,1
Assertiveness,Motivate team progress,E,1
Assertiveness,Dominate conversations,E,1
Assertiveness,Take initiative in projects,E,1
Assertiveness,Push for my ideas,E,1
Assertiveness,Guide team meetings,E,1
Assertiveness,Seek leadership roles,E,1
Assertiveness,Assert my presence,E,1
Assertiveness,Set the agenda,E,1
Assertiveness,Promote my perspective,E,1
Assertiveness,Advocate for my beliefs,E,1
Assertiveness,Take the helm,E,1
Assertiveness,Steer conversations,E,1
Assertiveness,Make my voice heard,E,1
Assertiveness,Drive team efforts,E,1
Assertiveness,Assume a commanding role,E,1
Assertiveness,Be the spokesperson,E,1
Assertiveness,Manage group tasks,E,1
Assertiveness,Direct team strategies,E,1
Assertiveness,Navigate group dynamics,E,1
Assertiveness,Show leadership qualities,E,1
Assertiveness,Influence group decisions,E,1
Assertiveness,Lead by example,E,1
Assertiveness,Control the narrative,E,1
Assertiveness,Encourage collective action,E,1
Assertiveness,Assert my authority,E,1
Assertiveness,Determine the course of action,E,1
Assertiveness,Guide others with confidence,E,1
Assertiveness,Play a leading role,E,1
Assertiveness,Be the decision-maker,E,1
Assertiveness,Coordinate team efforts,E,1
Assertiveness,Be a proactive leader,E,1
Assertiveness,Initiate group projects,E,1
Assertiveness,Promote my agenda,E,1
Assertiveness,Ensure my ideas are heard,E,1
Assertiveness,Direct the team vision,E,1
Assertiveness,Establish leadership presence,E,1
Assertiveness,Be the driving force,E,1
Assertiveness,Take the lead in discussions,E,1
Assertiveness,Be the catalyst for change,E,1
Assertiveness,Set clear objectives,E,1
Assertiveness,Be the frontrunner,E,1
Assertiveness,Exert influence over others,E,1
Assertiveness,Establish a leadership path,E,1
Assertiveness,Facilitate group decisions,E,1
Assertiveness,Take decisive action,E,1
Assertiveness,Lead the charge,E,1
Assertiveness,Navigate leadership challenges,E,1
Assertiveness,Empower team members,E,-1
Assertiveness,Be an influential figure,E,1
Assertiveness,Take on leadership responsibilities,E,1
Assertiveness,Command attention,E,1
Assertiveness,Set the direction,E,1
Assertiveness,Encourage team alignment,E,1
Assertiveness,Be an assertive communicator,E,1
Assertiveness,Lead collaborative efforts,E,1
Assertiveness,Advocate for team goals,E,1
Assertiveness,Spearhead initiatives,E,1
Assertiveness,Foster an assertive mindset,E,1
Assertiveness,Be a guiding influence,E,1
Assertiveness,Champion team objectives,E,1
Assertiveness,Engage in assertive dialogue,E,1
Assertiveness,Take on a leadership stance,E,1
Assertiveness,Create a vision and lead,E,1
Assertiveness,Empower others through leadership,E,1
Assertiveness,Assertively manage conflicts,E,1
Assertiveness,Hold a leadership position,E,1
Assertiveness,Communicate with authority,E,1
Assertiveness,Lead with assertiveness,E,1
Assertiveness,Be the team leader,E,1
Assertiveness,Set leadership standards,E,1
Assertiveness,Encourage assertive behavior,E,-1
Assertiveness,Drive team success,E,1
Assertiveness,Be the architect of solutions,E,1
Assertiveness,Lead with conviction,E,1
Assertiveness,Inspire others to follow,E,1
Assertiveness,Shape team culture,E,1
Assertiveness,Assert my leadership potential,E,1
Assertiveness,Direct the team towards goals,E,1
Assertiveness,Be a strategic leader,E,1
Assertiveness,Model assertive behavior,E,1
Assertiveness,Influence team dynamics,E,1
Assertiveness,Take charge of situations,E,1
Assertiveness,Lead with clarity and purpose,E,1
Assertiveness,Motivate others to act,E,1
Assertiveness,Promote assertive communication,E,1
Assertiveness,Be a forceful leader,E,1
Assertiveness,Guide the team to victory,E,1
Assertiveness,Encourage assertive decision-making,E,1
Assertiveness,Be a transformational leader,E,1
Assertiveness,Create a path for others,E,1
Assertiveness,Lead with a strong voice,E,1
Assertiveness,Assert my influence in the group,E,1
Assertiveness,Direct the course of events,E,1
Assertiveness,Establish team priorities,E,1
Assertiveness,Be an assertive leader,E,1
Assertiveness,Cultivate a leadership environment,E,1
Assertiveness,Drive strategic initiatives,E,1
Assertiveness,Focus the teams efforts,E,1
Assertiveness,Advocate for assertive leadership,E,1
Assertiveness,Guide the team with confidence,E,1
Assertiveness,Be a strong decision-maker,E,1
Assertiveness,Take leadership opportunities,E,1
Assertiveness,Be a commanding presence,E,1
Assertiveness,Enable assertive team interactions,E,1
Assertiveness,Lead with assertiveness and empathy,E,1
Assertiveness,Encourage proactive leadership,E,1
Assertiveness,Set a confident example,E,1
Assertiveness,Promote assertive team collaboration,E,1
Assertiveness,Take the reins,E,1
Assertiveness,Be the backbone of the team,E,1
Assertiveness,Provide assertive leadership,E,1
Assertiveness,Lead others to success,E,1
Assertiveness,Cultivate assertive team practices,E,1
Assertiveness,Demonstrate leadership strength,E,1
Assertiveness,Lead with assertive clarity,E,1
Assertiveness,Be an influential leader,E,1
Assertiveness,Encourage assertive problem-solving,E,1
Assertiveness,Promote a culture of assertiveness,E,1
Assertiveness,Drive the team forward with assertiveness,E,1
Assertiveness,Advocate for assertive team goals,E,1
Assertiveness,Be the leader in challenging times,E,1
Assertiveness,Set the pace for the team,E,1
Assertiveness,Promote assertive team dynamics,E,1
Assertiveness,Be a decisive leader,E,1
Assertiveness,Lead with assertive purpose,E,1
Assertiveness,Foster assertive team engagement,E,1
Assertiveness,Steer the team with assertiveness,E,1
Assertiveness,Drive assertive team progress,E,1
Assertiveness,Champion assertive leadership practices,E,1
Assertiveness,Lead with assertive foresight,E,1
Assertiveness,Be the anchor of the team,E,1
Assertiveness,Promote assertive team communication,E,1
Assertiveness,Encourage assertive leadership development,E,1
Assertiveness,Demonstrate assertive decision-making,E,1
Assertiveness,Lead with assertive insight,E,1
Assertiveness,Empower assertive team interactions,E,1
Assertiveness,Be a trailblazer in leadership,E,1
Assertiveness,Guide the team with assertive leadership,E,1
Assertiveness,Lead with assertive strength,E,1
Assertiveness,Encourage assertive team innovation,E,1
Assertiveness,Foster assertive team collaboration,E,1
Assertiveness,Be the leader others look to,E,1
Assertiveness,Promote assertive leadership growth,E,1
Assertiveness,Lead with assertive determination,E,1
Assertiveness,Drive assertive team vision,E,1
Assertiveness,Be a strong advocate for the team,E,1
Assertiveness,Foster an assertive team culture,E,1
Assertiveness,Lead with assertive integrity,E,1
Assertiveness,Encourage assertive team problem-solving,E,1
Assertiveness,Be the assertive leader in any situation,E,1
Assertiveness,Guide the team with assertive strategy,E,1
Assertiveness,Lead with assertive passion,E,1
Assertiveness,Promote assertive team leadership,E,1
Assertiveness,Be a role model for assertiveness,E,1
Assertiveness,Lead the team with assertive influence,E,1
Assertiveness,Encourage assertive team leadership,E,1
Assertiveness,Drive assertive team success,E,1
Assertiveness,Be the guiding force in the team,E,1
Assertiveness,Lead with assertive commitment,E,1
Assertiveness,Promote assertive team engagement,E,1
Assertiveness,Encourage assertive team progress,E,1
Assertiveness,Foster an assertive leadership environment,E,1
Assertiveness,Lead with assertive confidence,E,1
Assertiveness,Be a catalyst for assertive change,E,1
Assertiveness,Take charge in challenging situations,E,1
Assertiveness,Lead with assertive vision,E,1
Assertiveness,Promote assertive team practices,E,1
Assertiveness,Encourage assertive team development,E,1
Assertiveness,Be a strong voice in leadership,E,1
Assertiveness,Lead with assertive authority,E,1
Assertiveness,Foster assertive team success,E,1
Assertiveness,Guide the team with assertive clarity,E,1
Assertiveness,Confidently express your opinions,E,1
Assertiveness,Encourage assertive team collaboration,E,1
Assertiveness,Be a driving force in assertive leadership,E,1
Assertiveness,Lead with assertive resilience,E,1
Assertiveness,Empower assertive team decision-making,E,1
Assertiveness,Promote assertive leadership strategies,E,1
Assertiveness,Foster assertive team innovation,E,1
Assertiveness,Lead with assertive focus,E,1
Assertiveness,Encourage assertive team engagement,E,1
Assertiveness,Be a strong leader in assertive environments,E,1
Assertiveness,Guide the team with assertive foresight,E,1
Assertiveness,Stand firm in my opinions,E,1
Assertiveness,Take initiative in conversations,E,1
Assertiveness,Speak your mind confidently,E,1
Assertiveness,Be a leader in assertive decision-making,E,1
Assertiveness,Confidently express your opinions in a group setting,E,1
Assertiveness,Foster assertive team leadership,E,1
Assertiveness,Guide the team with assertive strength,E,1
Assertiveness,Stand firm in one's decisions despite opposition,E,1
Assertiveness,Promote assertive team progress,E,1
Assertiveness,Express your opinions confidently,E,1
Assertiveness,Be a champion of assertive leadership,E,1
Assertiveness,Speak up for themselves in group discussions,E,1
Assertiveness,Foster assertive team development,E,1
Assertiveness,Guide the team with assertive commitment,E,1
Assertiveness,Stand firm in your decisions,E,1
Assertiveness,Take control of situations to guide outcomes,E,1
Assertiveness,Encourage assertive team success,E,1
Assertiveness,Be a role model for assertive leadership,E,1
Assertiveness,Lead with assertive influence,E,1
Assertiveness,Foster assertive team practices,E,1
Assertiveness,Can confidently lead group discussions,E,1
Assertiveness,Comfortably take charge in challenging situations,E,1
Assertiveness,Speak up confidently in group settings,E,1
Assertiveness,Encourage assertive team growth,E,1
Assertiveness,Be a leader in assertive innovation,E,1
Assertiveness,Speak up confidently in group discussions,E,1
Assertiveness,Speak up to share my opinions confidently,E,1
Assertiveness,Guide the team with assertive vision,E,1
Assertiveness,Expresses opinions confidently even in the face of opposition,E,1
Assertiveness,Speak up confidently even in difficult situations,E,1
Assertiveness,Confidently express their opinions,E,1
Assertiveness,Be a strong advocate for assertive leadership,E,1
Assertiveness,Make decisions quickly,E,1
Assertiveness,Confidently express personal opinions,E,1
Assertiveness,Guide the team with assertive insight,E,1
Assertiveness,Naturally lead the group with confidence,E,1
Assertiveness,Confidently express opinions and make decisions,E,1
Assertiveness,Speak up during meetings to share your ideas,E,1
Assertiveness,Be a leader in assertive environments,E,1
Assertiveness,Speak up for your beliefs,E,1
Assertiveness,Confidently express your opinions and beliefs,E,1
Assertiveness,Confidently express your opinions in group discussions,E,1
Assertiveness,Express opinions confidently,E,1
Assertiveness,Confidently express their opinions in group settings,E,1
Assertiveness,Confidently express opinions and beliefs,E,1
Assertiveness,Confidently express opinions,E,1
Assertiveness,Speak my mind without hesitation,E,1
Assertiveness,Speak up confidently in meetings,E,1
Assertiveness,Take charge in group situations,E,1
Assertiveness,Speak up decisively in meetings,E,1
Assertiveness,Confidently express opinions in group settings,E,1
Assertiveness,Speak up when they disagree,E,1
Assertiveness,Confident in making decisions,E,1
Assertiveness,Confront challenges head-on,E,1
Assertiveness,Express your opinions with confidence,E,1
Assertiveness,Confidently voice your opinions in group discussions,E,1
Assertiveness,Speak up in meetings to share your ideas,E,1
Assertiveness,Speak confidently in front of large groups,E,1
Assertiveness,Confidently express your opinions even in challenging situations,E,1
Assertiveness,Be a champion of assertive innovation,E,1
Assertiveness,Confidently express your own opinions,E,1
Assertiveness,Speak up to share their opinions,E,1
Assertiveness,Stand firm in negotiations,E,1
Assertiveness,Speak up in group discussions,E,1
Assertiveness,Speak confidently in challenging situations,E,1
Assertiveness,Willing to speak up in challenging situations,E,1
Assertiveness,Confidently express disagreement,E,1
Assertiveness,Speak up to express your ideas confidently,E,1
Assertiveness,Confidently express your needs,E,1
Assertiveness,Confidently express your opinions in group settings,E,1
Assertiveness,Stand firm in my decisions,E,1
Assertiveness,Express your opinions confidently in groups,E,1
Assertiveness,Confidently take charge in group settings,E,1
Assertiveness,Stand firm on personal beliefs,E,1
Assertiveness,Take decisive actions in challenging situations,E,1
Assertiveness,Naturally step into leadership roles,E,1
Assertiveness,Confidently lead others,E,1
Assertiveness,Confidently express their own opinions even in challenging situations,E,1
Assertiveness,Confidently express your needs and desires,E,1
Assertiveness,Comfortably express your opinions,E,1
Assertiveness,Frequently take charge in group settings,E,1
Assertiveness,Step forward and lead the way,E,1
Assertiveness,Persuade others to see your point of view,E,1
Assertiveness,Have a talent for taking charge in group settings,E,1
Assertiveness,Take charge of situations confidently,E,1
Assertiveness,Comfortable taking charge in group settings,E,1
Assertiveness,Take charge in group settings,E,1
Assertiveness,Take the lead in decision-making,E,1
Assertiveness,Confidently express opinions and ideas,E,1
Assertiveness,Push yourself to achieve ambitious goals,E,1
Assertiveness,Make decisions with confidence,E,1
Assertiveness,Confidently express your opinions without hesitation,E,1
Assertiveness,Take charge when a situation requires leadership,E,1
Assertiveness,Confidently voice your opinions,E,1
Assertiveness,Speak up even when their opinion is unpopular,E,1
Assertiveness,Confidently express their opinions even in challenging situations,E,1
Assertiveness,Confidently express my opinions even in challenging situations,E,1
Assertiveness,Easily express opinions in group settings,E,1
Assertiveness,Can confidently express disagreement in group discussions,E,1
Assertiveness,Naturally take charge in group settings,E,1
Assertiveness,Confidently voice your opinions in group settings,E,1
Assertiveness,Speak up in meetings without hesitation,E,1
Assertiveness,Speak up in meetings,E,1
Assertiveness,Confidently express your opinion without hesitation,E,1
Assertiveness,Take charge during challenging situations,E,1
Assertiveness,Take the lead in group situations,E,1
Assertiveness,Express opinions confidently in group settings,E,1
Assertiveness,Take the initiative in group settings,E,1
Assertiveness,Speak up even when opinions differ,E,1
Assertiveness,Express your opinions boldly,E,1
Assertiveness,Feel comfortable leading group discussions,E,1
Assertiveness,Challenge established norms,E,1
Assertiveness,Confidently voice opinions in group settings,E,1
Assertiveness,Take charge in group discussions,E,1
Assertiveness,Speak up confidently even in challenging situations,E,1
Assertiveness,Speak up confidently when expressing your opinions,E,1
Assertiveness,Enjoy taking charge of situations,E,1
Assertiveness,Lead conversations with confidence,E,1
Assertiveness,Confidently express opinions even in challenging situations,E,1
Assertiveness,Confidently lead discussions,E,1
Assertiveness,Confidently step into leadership roles,E,1
Assertiveness,Are confident in leading group discussions,E,1
Assertiveness,Confidently voice their opinions,E,1
Assertiveness,Often step forward to make decisions,E,1
Assertiveness,Speak up when others are silent,E,1
Assertiveness,Take initiative in group settings,E,1
Assertiveness,Comfortably express your opinions in discussions,E,1
Assertiveness,Speak up when something feels wrong,E,1
Assertiveness,Boldly express their opinions even in challenging situations,E,1
Assertiveness,Feel comfortable leading a group discussion,E,1
Assertiveness,Stand up for your beliefs confidently,E,1
Assertiveness,Confidently share your opinions in group discussions,E,1
Assertiveness,Take charge of organizing group activities,E,1
Assertiveness,Express opinions confidently without hesitation,E,1
Assertiveness,Stand up for myself,E,1
Assertiveness,Take charge of situations with confidence,E,1
Assertiveness,Speak my mind openly,E,1
Assertiveness,Confidently take charge in challenging situations,E,1
Assertiveness,Confidently express opinions without hesitation,E,1
Assertiveness,Express your needs confidently,E,1
Assertiveness,Readily express their opinions,E,1
Assertiveness,Stand firm in your beliefs,E,1
Assertiveness,Speak your mind boldly,E,1
Assertiveness,Express opinions confidently and directly,E,1
Assertiveness,Take charge in group activities,E,1
Assertiveness,Speak up for what they believe in,E,1
Assertiveness,Comfortably take charge in group situations,E,1
Assertiveness,Take charge of situations effortlessly,E,1
Assertiveness,Easily persuade others to see my point of view,E,1
Assertiveness,Confidently stand your ground in challenging situations,E,1
Assertiveness,Comfortably take charge in group settings,E,1
Assertiveness,Speak their mind without hesitation,E,1
Assertiveness,Express your opinion confidently,E,1
Assertiveness,Take charge when the situation demands it,E,1
Assertiveness,Confidently express your own opinions even amid disagreement,E,1
Assertiveness,Take charge in decision-making situations,E,1
Assertiveness,Feel comfortable taking charge in group settings,E,1
Assertiveness,Take charge when situations become chaotic,E,1
Assertiveness,Speak up confidently even in tough situations,E,1
Assertiveness,Step forward to lead in uncertain situations,E,1
Assertiveness,Speak up when necessary,E,1
Assertiveness,Speak up to ensure your opinions are heard,E,1
Assertiveness,Comfortably express your opinions in group settings,E,1
Assertiveness,Speak up for themselves,E,1
Cheerfulness,Rarely smile at strangers,E,-1
Cheerfulness,Find it hard to laugh at myself,E,-1
Cheerfulness,Seldom crack a joke,E,-1
Cheerfulness,Do not enjoy being the life of the party,E,-1
Cheerfulness,Often appear serious and somber,E,-1
Cheerfulness,Avoid playful banter,E,-1
Cheerfulness,Rarely find humor in everyday situations,E,-1
Cheerfulness,Do not make playful gestures,E,-1
Cheerfulness,Dislike participating in lighthearted activities,E,-1
Cheerfulness,Hardly ever laugh at comedies,E,-1
Cheerfulness,Struggle to maintain a positive demeanor,E,-1
Cheerfulness,Rarely engage in playful teasing,E,-1
Cheerfulness,Find it difficult to lighten the mood,E,-1
Cheerfulness,Do not often feel joyous,E,-1
Cheerfulness,Rarely experience fits of giggles,E,-1
Cheerfulness,Seldom enjoy light-hearted conversations,E,-1
Cheerfulness,Do not often express happiness outwardly,E,-1
Cheerfulness,Find it hard to join in on laughter,E,-1
Cheerfulness,Seldom bring cheer to others,E,-1
Cheerfulness,Do not often engage in playful interactions,E,-1
Cheerfulness,Rarely feel uplifted by small joys,E,-1
Cheerfulness,Struggle to find humor during tough times,E,-1
Cheerfulness,Do not find joy in simple pleasures,E,-1
Cheerfulness,Seldom act on spontaneous joy,E,-1
Cheerfulness,Do not frequently smile,E,-1
Cheerfulness,Rarely feel a sense of glee,E,-1
Cheerfulness,Do not often indulge in humor,E,-1
Cheerfulness,Find it hard to maintain a cheerful attitude,E,-1
Cheerfulness,Rarely make light of situations,E,-1
Cheerfulness,Do not typically bring a jovial spirit,E,-1
Cheerfulness,Find it challenging to be upbeat,E,-1
Cheerfulness,Seldom feel like laughing,E,-1
Cheerfulness,Do not often experience bursts of laughter,E,-1
Cheerfulness,Rarely engage in cheerful chatter,E,-1
Cheerfulness,Do not often see the lighter side of things,E,-1
Cheerfulness,Seldom exude a happy-go-lucky vibe,E,-1
Cheerfulness,Rarely display lightheartedness,E,-1
Cheerfulness,Do not often participate in jovial activities,E,-1
Cheerfulness,Seldom find humor in life's quirks,E,-1
Cheerfulness,Rarely engage in light-hearted fun,E,-1
Cheerfulness,Do not typically bring a smile to others,E,-1
Cheerfulness,Struggle to keep a cheerful mindset,E,-1
Cheerfulness,Rarely feel like spreading cheer,E,-1
Cheerfulness,Do not often feel light-hearted,E,-1
Cheerfulness,Seldom enjoy a good laugh,E,-1
Cheerfulness,Rarely feel buoyant,E,-1
Cheerfulness,Do not often exude cheer,E,-1
Cheerfulness,Find it difficult to be jovial,E,-1
Cheerfulness,Seldom engage in mirthful activities,E,-1
Cheerfulness,Do not often see the humor in things,E,-1
Cheerfulness,Rarely feel like making others laugh,E,-1
Cheerfulness,Do not often find humor in adversity,E,-1
Cheerfulness,Seldom find joy in small victories,E,-1
Cheerfulness,Rarely engage in spirited discussions,E,-1
Cheerfulness,Do not typically enjoy playful exchanges,E,-1
Cheerfulness,Find it hard to be light-hearted,E,-1
Cheerfulness,Seldom feel a sense of delight,E,-1
Cheerfulness,Do not often indulge in joyous moments,E,-1
Cheerfulness,Rarely feel like cheering others up,E,-1
Cheerfulness,Do not often engage in light-hearted banter,E,-1
Cheerfulness,Seldom find amusement in simple things,E,-1
Cheerfulness,Rarely feel cheerful,E,-1
Cheerfulness,Do not often enjoy humor,E,-1
Cheerfulness,Find it hard to express joy,E,-1
Cheerfulness,Seldom feel like smiling,E,-1
Cheerfulness,Do not often feel a sense of brightness,E,-1
Cheerfulness,Rarely make others laugh,E,-1
Cheerfulness,Do not often bring a sense of fun,E,-1
Cheerfulness,Seldom feel a sense of mirth,E,-1
Cheerfulness,Rarely engage in humorous activities,E,-1
Cheerfulness,Do not typically display a cheerful demeanor,E,-1
Cheerfulness,Find it challenging to be merry,E,-1
Cheerfulness,Seldom feel buoyant,E,-1
Cheerfulness,Do not often enjoy light-hearted moments,E,-1
Cheerfulness,Rarely feel like joining in laughter,E,-1
Cheerfulness,Do not often partake in joviality,E,-1
Cheerfulness,Seldom find joy in little things,E,-1
Cheerfulness,Rarely bring a sense of joy,E,-1
Cheerfulness,Do not typically feel upbeat,E,-1
Cheerfulness,Tend to see the bright side of things,E,1
Cheerfulness,Seldom feel joyful,E,-1
Cheerfulness,Do not often engage in playful activities,E,-1
Cheerfulness,Rarely feel like laughing out loud,E,-1
Cheerfulness,Do not often bring a sense of levity,E,-1
Cheerfulness,Seldom feel a sense of humor,E,-1
Cheerfulness,Rarely engage in happy exchanges,E,-1
Cheerfulness,Do not typically find joy in humor,E,-1
Cheerfulness,Find it challenging to be cheerful,E,-1
Cheerfulness,Seldom indulge in joyous laughter,E,-1
Cheerfulness,Do not often feel a sense of exuberance,E,-1
Cheerfulness,Rarely experience levity,E,-1
Cheerfulness,Do not often bring a sense of playfulness,E,-1
Cheerfulness,Seldom enjoy a good chuckle,E,-1
Cheerfulness,Rarely feel like sharing laughter,E,-1
Cheerfulness,Do not typically feel merry,E,-1
Cheerfulness,Find it hard to be joyous,E,-1
Cheerfulness,Seldom feel a sense of laughter,E,-1
Cheerfulness,Do not often enjoy engaging in humor,E,-1
Cheerfulness,Rarely feel like spreading joy,E,-1
Cheerfulness,Do not often engage in cheerful interactions,E,-1
Cheerfulness,Seldom find humor in mundane tasks,E,-1
Cheerfulness,Rarely bring a sense of delight,E,-1
Cheerfulness,Do not typically feel like laughing,E,-1
Cheerfulness,Find it challenging to be playful,E,-1
Cheerfulness,Seldom feel a sense of cheer,E,-1
Cheerfulness,Do not often engage in joyful discussions,E,-1
Cheerfulness,Rarely feel like making others smile,E,-1
Cheerfulness,Do not often bring a sense of gaiety,E,-1
Cheerfulness,Seldom find joy in laughter,E,-1
Cheerfulness,Rarely feel like being humorous,E,-1
Cheerfulness,Do not typically feel like having fun,E,-1
Cheerfulness,Find it hard to be happy,E,-1
Cheerfulness,Seldom feel a sense of amusement,E,-1
Cheerfulness,Do not often engage in light-heartedness,E,-1
Cheerfulness,Rarely feel like being jovial,E,-1
Cheerfulness,Do not often bring a sense of mirth,E,-1
Cheerfulness,Seldom find humor in little things,E,-1
Cheerfulness,Rarely engage in cheerful banter,E,-1
Cheerfulness,Do not typically find delight in humor,E,-1
Cheerfulness,Find it challenging to be gleeful,E,-1
Cheerfulness,Seldom feel a sense of gaiety,E,-1
Cheerfulness,Do not often enjoy merry moments,E,-1
Cheerfulness,Rarely feel like experiencing joy,E,-1
Cheerfulness,Do not often bring a sense of amusement,E,-1
Cheerfulness,Seldom find humor in daily life,E,-1
Cheerfulness,Rarely feel like engaging in humor,E,-1
Cheerfulness,Do not typically feel like laughing with others,E,-1
Cheerfulness,Find it hard to be lively,E,-1
Cheerfulness,Rarely smile or laugh,E,-1
Cheerfulness,Do not often enjoy playful moments,E,-1
Cheerfulness,Rarely feel like being upbeat,E,-1
Cheerfulness,Do not often bring a sense of joyfulness,E,-1
Cheerfulness,Seldom find joy in the ordinary,E,-1
Cheerfulness,Rarely engage in joyful banter,E,-1
Cheerfulness,Do not typically find humor in conversations,E,-1
Cheerfulness,Find it challenging to be spirited,E,-1
Cheerfulness,Seldom feel a sense of joy,E,-1
Cheerfulness,Do not often enjoy engaging in lightheartedness,E,-1
Cheerfulness,Rarely feel like being cheerful,E,-1
Cheerfulness,Do not often bring a sense of cheeriness,E,-1
Cheerfulness,Seldom find humor in interactions,E,-1
Cheerfulness,Rarely feel like engaging in gaiety,E,-1
Cheerfulness,Do not typically feel like being merry,E,-1
Cheerfulness,Find it hard to be radiant,E,-1
Cheerfulness,Rarely find reasons to smile,E,-1
Cheerfulness,Do not often enjoy happy exchanges,E,-1
Cheerfulness,Rarely feel like spreading laughter,E,-1
Cheerfulness,Do not often bring a sense of brightness,E,-1
Cheerfulness,Seldom find humor in social settings,E,-1
Cheerfulness,Rarely engage in lighthearted exchanges,E,-1
Cheerfulness,Do not typically find joy in the everyday,E,-1
Cheerfulness,Lack enthusiasm in social gatherings,E,-1
Cheerfulness,Seldom feel a sense of jubilance,E,-1
Cheerfulness,Do not often enjoy participating in humor,E,-1
Cheerfulness,Rarely feel like being lively,E,-1
Cheerfulness,Do not often bring a sense of funniness,E,-1
Cheerfulness,Seldom find humor in events,E,-1
Cheerfulness,Rarely feel like engaging in amusement,E,-1
Cheerfulness,Do not typically feel like being joyous,E,-1
Cheerfulness,Tend to focus on the negative side of situations,E,-1
Cheerfulness,Seldom feel a sense of jubilation,E,-1
Cheerfulness,Often find the silver lining in situations,E,1
Cheerfulness,Rarely feel like being animated,E,-1
Cheerfulness,Tend not to dwell on negativity,E,-1
Cheerfulness,Seldom find humor in simple moments,E,-1
Cheerfulness,Rarely engage in spirited interactions,E,-1
Cheerfulness,Do not typically find joy in laughter,E,-1
Cheerfulness,Find it challenging to be buoyant,E,-1
Cheerfulness,Seldom feel a sense of elation,E,-1
Cheerfulness,Do not often enjoy engaging in joviality,E,-1
Cheerfulness,Rarely feel like being vibrant,E,-1
Cheerfulness,Do not often bring a sense of happiness,E,-1
Cheerfulness,Seldom find humor in ordinary events,E,-1
Cheerfulness,Rarely feel like engaging in delight,E,-1
Cheerfulness,Do not typically feel like being radiant,E,-1
Cheerfulness,Rarely find humor in situations,E,-1
Cheerfulness,Seldom feel a sense of merriment,E,-1
Cheerfulness,Rarely display a positive outlook,E,-1
Cheerfulness,Rarely feel like being joyful,E,-1
Cheerfulness,Do not often bring a sense of jubilation,E,-1
Cheerfulness,Struggle to maintain a positive outlook,E,-1
Cheerfulness,Rarely engage in lively exchanges,E,-1
Cheerfulness,Do not typically find joy in mirth,E,-1
Cheerfulness,Find it hard to smile,E,-1
Cheerfulness,Seldom feel a sense of buoyancy,E,-1
Cheerfulness,Do not often enjoy engaging in mirth,E,-1
Cheerfulness,Rarely feel like being spirited,E,-1
Cheerfulness,Do not often bring a sense of joviality,E,-1
Cheerfulness,Seldom find humor in the everyday,E,-1
Cheerfulness,Rarely feel like engaging in joy,E,-1
Cheerfulness,Do not typically feel like being elated,E,-1
Cheerfulness,Find it hard to be merry,E,-1
Cheerfulness,Seldom feel a sense of exuberance,E,-1
Cheerfulness,Do not often enjoy engaging in gaiety,E,-1
Cheerfulness,Rarely feel like being effervescent,E,-1
Cheerfulness,Do not often bring a sense of exuberance,E,-1
Cheerfulness,Seldom find humor in conversations,E,-1
Cheerfulness,Rarely engage in cheerful exchanges,E,-1
Cheerfulness,Do not typically find joy in social settings,E,-1
Cheerfulness,Find it challenging to be joyous,E,-1
Cheerfulness,Seldom feel a sense of cheeriness,E,-1
Cheerfulness,Do not often enjoy engaging in jubilation,E,-1
Cheerfulness,Always focus on the negatives,E,-1
Cheerfulness,Do not often bring a sense of joy,E,-1
Cheerfulness,Seldom find humor in situations,E,-1
Cheerfulness,Rarely feel like engaging in contentment,E,-1
Cheerfulness,Do not typically feel like being cheerful,E,-1
Cheerfulness,Find it hard to be spirited,E,-1
Cheerfulness,Seldom feel a sense of joyfulness,E,-1
Cheerfulness,Do not often enjoy engaging in happiness,E,-1
Cheerfulness,Rarely feel upbeat and lively,E,-1
Cheerfulness,Do not often bring a sense of delight,E,-1
Cheerfulness,Seldom find humor in daily routines,E,-1
Cheerfulness,Rarely engage in happy interactions,E,-1
Cheerfulness,Do not typically find joy in playful moments,E,-1
Cheerfulness,Find it challenging to be vibrant,E,-1
Cheerfulness,Seldom feel a sense of lightheartedness,E,-1
Cheerfulness,Do not often enjoy engaging in playfulness,E,-1
Cheerfulness,Often finds joy in simple things,E,1
Cheerfulness,Do not often bring a sense of glee,E,-1
Cheerfulness,Seldom find humor in everyday experiences,E,-1
Cheerfulness,Rarely feel like engaging in enjoyment,E,-1
Cheerfulness,Do not typically feel buoyant,E,-1
Cheerfulness,Find it hard to be joyful,E,-1
Cheerfulness,Seldom feel a sense of happiness,E,-1
Cheerfulness,Do not often enjoy engaging in liveliness,E,-1
Cheerfulness,Seldom find reasons to smile and laugh,E,-1
Cheerfulness,Frown frequently,E,-1
Cheerfulness,Seldom find humor in ordinary tasks,E,-1
Cheerfulness,Rarely engage in merry exchanges,E,-1
Cheerfulness,See the glass as half empty,E,-1
Cheerfulness,Find it challenging to be animated,E,-1
Cheerfulness,Rarely find things to laugh about,E,-1
Cheerfulness,Do not often enjoy engaging in cheer,E,-1
Cheerfulness,Rarely feel like being gleeful,E,-1
Cheerfulness,Do not often bring a sense of lightheartedness,E,-1
Cheerfulness,Seldom find humor in regular occurrences,E,-1
Cheerfulness,Rarely feel like engaging in laughter,E,-1
Cheerfulness,Do not typically feel like being lively,E,-1
Cheerfulness,Find it hard to be effervescent,E,-1
Cheerfulness,Often see the glass as half empty,E,-1
Cheerfulness,Do not often enjoy engaging in joy,E,-1
Cheerfulness,Rarely feel like being radiant,E,-1
Cheerfulness,Do not often bring a sense of buoyancy,E,-1
Cheerfulness,Seldom find humor in the mundane,E,-1
Cheerfulness,Rarely engage in vibrant exchanges,E,-1
Cheerfulness,Do not typically find joy in banter,E,-1
Cheerfulness,Seldom find reasons to smile,E,-1
Cheerfulness,Often see the bright side of life,E,1
Cheerfulness,Find it hard to see the bright side of things,E,-1
Cheerfulness,Rarely feel like being joyous,E,-1
Cheerfulness,Seldom smile or laugh,E,-1
Cheerfulness,Seldom find humor in everyday moments,E,-1
Cheerfulness,Rarely feel like engaging in mirth,E,-1
Cheerfulness,Do not typically feel like being jubilant,E,-1
Cheerfulness,Rarely finds joy in things,E,-1
Cheerfulness,Radiate positivity in every situation,E,1
Cheerfulness,Do not often enjoy engaging in vitality,E,-1
Cheerfulness,Rarely feel like being buoyant,E,-1
Cheerfulness,Do not often bring a sense of merriment,E,-1
Cheerfulness,Seldom find humor in the simple,E,-1
Cheerfulness,Rarely engage in joyous interactions,E,-1
Cheerfulness,Do not typically find joy in mundane events,E,-1
Cheerfulness,Tend to see the bright side of situations,E,1
Cheerfulness,Seldom feel a sense of funniness,E,-1
Cheerfulness,Rarely show enthusiasm or joy,E,-1
Cheerfulness,Rarely laugh or smile,E,-1
Cheerfulness,Tend to see the glass as half empty,E,-1
Cheerfulness,Seldom find humor in the usual,E,-1
Cheerfulness,Rarely feel like engaging in exuberance,E,-1
Cheerfulness,Rarely find things amusing,E,-1
Cheerfulness,Tend to see the brighter side of things,E,1
Cheerfulness,Seldom feel a sense of brightness,E,-1
Cheerfulness,Rarely find humor in daily life,E,-1
Cheerfulness,Find it hard to see the bright side of life,E,-1
Cheerfulness,Tend to see the glass as half empty,E,-1
Cheerfulness,Seldom find humor in the routine,E,-1
Cheerfulness,Rarely engage in animated exchanges,E,-1
Cheerfulness,Show little enthusiasm or joy,E,-1
Cheerfulness,Tend to see the brighter side of life,E,1
Cheerfulness,Often find it hard to see the bright side of things,E,-1
Cheerfulness,Rarely feel upbeat and positive,E,-1
Cheerfulness,Rarely burst into laughter,E,-1
Cheerfulness,Spread positive vibes wherever you go,E,1
Cheerfulness,Seldom find myself in a good mood,E,-1
Cheerfulness,Tend towards a more subdued demeanor,E,-1
Cheerfulness,Often seem down and unhappy,E,-1
Cheerfulness,Find it hard to stay positive,E,-1
Cheerfulness,Rarely smile in social settings,E,-1
Cheerfulness,Often focus on the negatives,E,-1
Cheerfulness,Seldom express joy or enthusiasm,E,-1
Cheerfulness,Do not often bring a sense of cheer,E,-1
Cheerfulness,Rarely find humor in everyday life,E,-1
Cheerfulness,Rarely engage in joyful exchanges,E,-1
Cheerfulness,Do not typically find joy in social interactions,E,-1
Cheerfulness,Find it hard to remain upbeat,E,-1
Cheerfulness,Rarely show enthusiasm,E,-1
Cheerfulness,Seldom feel a surge of happiness,E,-1
Cheerfulness,Rarely feel upbeat or positive,E,-1
Cheerfulness,Tend to see the bright side of every situation,E,1
Cheerfulness,Rarely smile or find humor in things,E,-1
Cheerfulness,Seldom feel upbeat,E,-1
Cheerfulness,Often feel a bit down,E,-1
Cheerfulness,Find it hard to be vibrant,E,-1
Cheerfulness,Often feel down in the dumps,E,-1
Cheerfulness,Find joy in the little things,E,1
Cheerfulness,Often find a reason to smile,E,1
Cheerfulness,Dwell on the gloomy aspects,E,-1
Cheerfulness,Tend to focus on the negative aspects of life,E,-1
Cheerfulness,Rarely engage in cheerful interactions,E,-1
Cheerfulness,Do not typically find joy in playful exchanges,E,-1
Cheerfulness,Find it challenging to be effervescent,E,-1
Cheerfulness,Rarely see the bright side of things,E,-1
Cheerfulness,Focus on the negatives in every situation,E,-1
Cheerfulness,Struggle to find reasons to smile,E,-1
Cheerfulness,Seldom find humor in routine events,E,-1
Cheerfulness,Rarely feel like engaging in cheerfulness,E,-1
Cheerfulness,Rarely express joy openly,E,-1
Cheerfulness,Often find reasons to smile even in difficult times,E,1
Cheerfulness,Rarely laughs or smiles,E,-1
Cheerfulness,Rarely feel enthusiastic or upbeat about things,E,-1
Cheerfulness,Maintain a positive attitude even in tough situations,E,1
Cheerfulness,Brighten up a room with your presence,E,1
Cheerfulness,Bring joy to everyday moments,E,1
Cheerfulness,Rarely engage in lively interactions,E,-1
Cheerfulness,Seldom find humor in everyday situations,E,-1
Cheerfulness,Find it challenging to be joyful,E,-1
Cheerfulness,Seldom feel a sense of contentment,E,-1
Cheerfulness,Brighten the room with laughter,E,1
Cheerfulness,Rarely find joy in everyday moments,E,-1
Cheerfulness,Rarely find enjoyment in daily activities,E,-1
Cheerfulness,Seldom find humor in ordinary moments,E,-1
Cheerfulness,Rarely find humor in situations,E,-1
Cheerfulness,Dwell on the negatives,E,-1
Cheerfulness,Maintain a serious demeanor,E,-1
Cheerfulness,Feel downhearted and blue,E,-1
Cheerfulness,Rarely crack a smile or laugh at jokes,E,-1
Cheerfulness,Rarely find joy in daily activities,E,-1
Cheerfulness,Feel overwhelmed by stress and rarely find things amusing,E,-1
Cheerfulness,Often find reasons to smile,E,1
Cheerfulness,Always see the glass as half empty,E,-1
Cheerfulness,Seldom feel lighthearted and joyful,E,-1
Cheerfulness,Rarely feel enthusiastic about the day ahead,E,-1
Cheerfulness,Tend to focus on the negatives in situations,E,-1
Cheerfulness,Rarely display a sunny demeanor,E,-1
Cheerfulness,Often take life too seriously,E,-1
Cheerfulness,Rarely smiles or laughs,E,-1
Cheerfulness,Often feel downhearted,E,-1
Cheerfulness,Rarely find reasons to smile or laugh,E,-1
Cheerfulness,Do not typically feel like being spirited,E,-1
Cheerfulness,Find it hard to be gleeful,E,-1
Cheerfulness,Rarely find joy in day-to-day activities,E,-1
Cheerfulness,Often feel blue and downhearted,E,-1
Cheerfulness,Find it difficult to stay positive,E,-1
Cheerfulness,Often find it difficult to smile or laugh,E,-1
Cheerfulness,Find it hard to lighten the mood,E,-1
Cheerfulness,Find it hard to stay upbeat,E,-1
Cheerfulness,Bring joy and laughter to those around them,E,1
Cheerfulness,Seldom feel elated,E,-1
Cheerfulness,Find joy in every moment,E,1
Cheerfulness,Spread smiles wherever you go,E,1
Cheerfulness,Laugh wholeheartedly,E,1
Cheerfulness,Embrace each day with a positive outlook,E,1
Cheerfulness,See the bright side of every situation,E,1
Cheerfulness,Enjoy the little things in life,E,1
Cheerfulness,Radiate positive energy,E,1
Cheerfulness,Turn challenges into opportunities for joy,E,1
Cheerfulness,Keep a sunny disposition,E,1
Cheerfulness,Celebrate the simple pleasures,E,1
Cheerfulness,Find humor in everyday life,E,1
Cheerfulness,Bring light to those around you,E,1
Cheerfulness,Delight in the company of others,E,1
Cheerfulness,Radiate joy,E,1
Cheerfulness,Look for the silver linings,E,1
Cheerfulness,Make the best out of any scenario,E,1
Cheerfulness,Lift the spirits of those nearby,E,1
Cheerfulness,Dance to your own rhythm,E,1
Cheerfulness,Keep a twinkle in your eye,E,1
Cheerfulness,Infect others with your laughter,E,1
Cheerfulness,Cherish every laugh shared,E,1
Cheerfulness,Be the reason someone smiles today,E,1
Cheerfulness,Enjoy every moment as it comes,E,1
Cheerfulness,Find bliss in the present,E,1
Cheerfulness,Create memories filled with joy,E,1
Cheerfulness,See life as an adventure,E,1
Cheerfulness,Revel in the happiness of others,E,1
Cheerfulness,Let your laughter echo,E,1
Cheerfulness,Have a zest for life,E,1
Cheerfulness,Look forward to each new day,E,1
Cheerfulness,Savor each joyful moment,E,1
Cheerfulness,Be enthusiastic about lifes possibilities,E,1
Cheerfulness,Take pleasure in the success of others,E,1
Cheerfulness,Find happiness in unexpected places,E,1
Cheerfulness,Live with a carefree attitude,E,1
Cheerfulness,Let optimism be your guide,E,1
Cheerfulness,Relish the freedom of being happy,E,1
Cheerfulness,Embrace the joy of living,E,1
Cheerfulness,Smile through the tough times,E,1
Cheerfulness,Bring joy to every situation,E,1
Cheerfulness,Find amusement in the world around you,E,1
Cheerfulness,Keep your spirits high,E,1
Cheerfulness,Enjoy the spontaneity of life,E,1
Cheerfulness,Laugh at lifes little surprises,E,1
Cheerfulness,Share your joy with the world,E,1
Cheerfulness,Celebrate your achievements with a smile,E,1
Cheerfulness,Find delight in diversity,E,1
Cheerfulness,Create a joyful environment,E,1
Cheerfulness,Be upbeat even on rainy days,E,1
Cheerfulness,Let happiness be your default state,E,1
Cheerfulness,Bring humor into everyday activities,E,1
Cheerfulness,Laugh often,E,1
Cheerfulness,See challenges as adventures,E,1
Cheerfulness,Find beauty in every experience,E,1
Cheerfulness,Smile at the little victories,E,1
Cheerfulness,Seek happiness in every endeavor,E,1
Cheerfulness,Enjoy the thrill of new experiences,E,1
Cheerfulness,Take life with a pinch of fun,E,1
Cheerfulness,Be playful in your pursuits,E,1
Cheerfulness,Look for joy in the journey,E,1
Cheerfulness,Celebrate lifes smallest victories,E,1
Cheerfulness,Let your laughter be contagious,E,1
Cheerfulness,Cherish the moments that make you smile,E,1
Cheerfulness,Find the joy in helping others,E,1
Cheerfulness,Bring cheer to those who need it,E,1
Cheerfulness,Laugh at yourself and with others,E,1
Cheerfulness,Be the sunshine in someones day,E,1
Cheerfulness,Smile often and freely,E,1
Cheerfulness,Find joy in the unexpected,E,1
Cheerfulness,Celebrate diversity with delight,E,1
Cheerfulness,See the world through a joyful lens,E,1
Cheerfulness,Bring laughter to every room,E,1
Cheerfulness,Enjoy lifes simple pleasures,E,1
Cheerfulness,Keep your heart light and happy,E,1
Cheerfulness,Make happiness your goal,E,1
Cheerfulness,Find humor in lifes quirks,E,1
Cheerfulness,Delight in the beauty of nature,E,1
Cheerfulness,Embrace the joy of togetherness,E,1
Cheerfulness,Be jubilant in your actions,E,1
Cheerfulness,Laugh with abandon,E,1
Cheerfulness,Find cheer in every corner,E,1
Cheerfulness,Bring joy to mundane tasks,E,1
Cheerfulness,See the humor in mistakes,E,1
Cheerfulness,Live with a heart full of cheer,E,1
Cheerfulness,Enjoy the company of good friends,E,1
Cheerfulness,Celebrate every new beginning,E,1
Cheerfulness,Find happiness in shared experiences,E,1
Cheerfulness,Be excited about the unknown,E,1
Cheerfulness,Look forward to each new adventure,E,1
Cheerfulness,Dance like no one is watching,E,1
Cheerfulness,Smile through lifes challenges,E,1
Cheerfulness,Have a lot of fun,E,1
Cheerfulness,Laugh with every new discovery,E,1
Cheerfulness,Let your happiness shine,E,1
Cheerfulness,Be the life of the party,E,1
Cheerfulness,Find joy in learning,E,1
Cheerfulness,Embrace changes with enthusiasm,E,1
Cheerfulness,Find peace in being cheerful,E,1
Cheerfulness,Take pleasure in lifes diversity,E,1
Cheerfulness,Celebrate your unique happiness,E,1
Cheerfulness,Enjoy the thrill of spontaneity,E,1
Cheerfulness,Find joy in every interaction,E,1
Cheerfulness,Spread happiness with your presence,E,1
Cheerfulness,See the fun in every task,E,1
Cheerfulness,Be thrilled about the future,E,1
Cheerfulness,Find joy in the rhythm of life,E,1
Cheerfulness,Celebrate the beauty of each day,E,1
Cheerfulness,Embrace lifes little joys,E,1
Cheerfulness,Laugh at the absurdities,E,1
Cheerfulness,Be content with the present,E,1
Cheerfulness,Find joy in the journey not just the destination,E,1
Cheerfulness,Enjoy the magic of the moment,E,1
Cheerfulness,Celebrate the uniqueness of each day,E,1
Cheerfulness,Find cheer in the ordinary,E,1
Cheerfulness,Smile at the beauty of the world,E,1
Cheerfulness,Create moments of joy wherever you go,E,1
Cheerfulness,Find delight in the unexpected,E,1
Cheerfulness,Celebrate the joy in others,E,1
Cheerfulness,Find comfort in being cheerful,E,1
Cheerfulness,Spread joy through your actions,E,1
Cheerfulness,Enjoy the wonder of discovery,E,1
Cheerfulness,Let happiness be your guiding star,E,1
Cheerfulness,Find joy in helping others thrive,E,1
Cheerfulness,Bring sunshine to every room you enter,E,1
Cheerfulness,Celebrate each step forward,E,1
Cheerfulness,Take delight in being alive,E,1
Cheerfulness,Find happiness in the present moment,E,1
Cheerfulness,Have fun with lifes challenges,E,1
Cheerfulness,Create a joyful atmosphere,E,1
Cheerfulness,Be enthusiastic about new experiences,E,1
Cheerfulness,Celebrate the beauty of diversity,E,1
Cheerfulness,Find joy in everyday activities,E,1
Cheerfulness,Laugh at the unpredictability of life,E,1
Cheerfulness,Celebrate the beauty of being unique,E,1
Cheerfulness,Find joy in the success of others,E,1
Cheerfulness,Embrace the joy of simplicity,E,1
Cheerfulness,Bring laughter to the everyday,E,1
Cheerfulness,Let your laughter be your guide,E,1
Cheerfulness,Find happiness in every breath,E,1
Cheerfulness,Celebrate the victories of others,E,1
Cheerfulness,Enjoy the beauty of the unexpected,E,1
Cheerfulness,Wear a big smile all day,E,1
Cheerfulness,Be cheerful in the face of adversity,E,1
Cheerfulness,Celebrate the beauty of the moment,E,1
Cheerfulness,Find joy in simple acts of kindness,E,1
Cheerfulness,Let your happiness inspire others,E,1
Cheerfulness,See joy in every situation,E,1
Cheerfulness,Embrace the joy of exploration,E,1
Cheerfulness,Laugh through the ups and downs,E,1
Cheerfulness,Celebrate the joy of togetherness,E,1
Cheerfulness,Find joy in the journey of life,E,1
Cheerfulness,Be grateful for the joy you find,E,1
Cheerfulness,Celebrate the happiness in others,E,1
Cheerfulness,Find joy in your own company,E,1
Cheerfulness,Laugh freely and often,E,1
Cheerfulness,See the beauty in every moment,E,1
Cheerfulness,Celebrate the joy of discovery,E,1
Cheerfulness,Find happiness in lifes journey,E,1
Cheerfulness,Bring joy to the lives of others,E,1
Cheerfulness,Embrace the fun of uncertainty,E,1
Cheerfulness,Find joy in the art of living,E,1
Cheerfulness,Celebrate each joyful moment,E,1
Cheerfulness,Let laughter light your path,E,1
Cheerfulness,Enjoy the journey not just the destination,E,1
Cheerfulness,Find joy in the simplicity of life,E,1
Cheerfulness,Celebrate the joy of sharing,E,1
Cheerfulness,Find humor in the little things,E,1
Cheerfulness,Be joyful in your actions,E,1
Cheerfulness,Celebrate the joy of diversity,E,1
Cheerfulness,Find joy in being yourself,E,1
Cheerfulness,Let happiness be your compass,E,1
Cheerfulness,Celebrate the joy of giving,E,1
Cheerfulness,Find delight in everyday moments,E,1
Cheerfulness,Be joyful in the present,E,1
Cheerfulness,Celebrate the beauty of laughter,E,1
Cheerfulness,Find joy in the rhythm of the day,E,1
Cheerfulness,Be cheerful come what may,E,1
Cheerfulness,Celebrate the joy of friendship,E,1
Cheerfulness,Find happiness in the simple things,E,1
Cheerfulness,Embrace the joy of new experiences,E,1
Cheerfulness,Laugh and the world laughs with you,E,1
Cheerfulness,Find joy in the art of laughter,E,1
Cheerfulness,Celebrate the joy of community,E,1
Cheerfulness,Find happiness in the journey,E,1
Cheerfulness,Be open to the joy of the unknown,E,1
Cheerfulness,Celebrate the joy of living,E,1
Cheerfulness,Find joy in your daily routine,E,1
Cheerfulness,Embrace each day with a smile,E,1
Cheerfulness,Celebrate the joy of connection,E,1
Cheerfulness,Find humor in the chaos,E,1
Cheerfulness,Be joyful even in solitude,E,1
Cheerfulness,Celebrate the joy of adventure,E,1
Cheerfulness,Find joy in the beauty of nature,E,1
Cheerfulness,Laugh at lifes little mysteries,E,1
Cheerfulness,Celebrate the joy of creativity,E,1
Cheerfulness,Brighten every room you enter,E,1
Cheerfulness,Be content with your own happiness,E,1
Cheerfulness,Celebrate the joy of simplicity,E,1
Cheerfulness,Find joy in the little things,E,1
Cheerfulness,Be optimistic about the future,E,1
Cheerfulness,Celebrate the beauty of each moment,E,1
Cheerfulness,Find happiness in the journey not just the destination,E,1
Cheerfulness,Embrace life's lighthearted moments,E,1
Cheerfulness,Celebrate the joy of being alive,E,1
Cheerfulness,Find joy in everyday life,E,1
Cheerfulness,Be open to the joy of discovery,E,1
Cheerfulness,Celebrate the joy of laughter,E,1
Cheerfulness,Spread joy wherever you go,E,1
Cheerfulness,Be cheerful in the face of challenges,E,1
Cheerfulness,Celebrate the joy of new beginnings,E,1
Cheerfulness,Find joy in the beauty of the world,E,1
Cheerfulness,Be content with the joy you find,E,1
Cheerfulness,Celebrate the joy of exploration,E,1
Cheerfulness,Embrace the joy in every moment,E,1
Cheerfulness,Be joyful in the company of others,E,1
Cheerfulness,Find the silver lining in every cloud,E,1
Cheerfulness,Find joy in the present,E,1
Cheerfulness,Be open to the joy of new experiences,E,1
Cheerfulness,Embrace every moment with a smile,E,1
Cheerfulness,Find happiness in the simplicity of life,E,1
Cheerfulness,Find delight in small things,E,1
Cheerfulness,Embrace positivity with open arms,E,1
Cheerfulness,Embrace each moment with joy,E,1
Cheerfulness,Be content with the joy you have,E,1
Cheerfulness,Spread sunshine wherever you go,E,1
Cheerfulness,Spread smiles everywhere,E,1
Cheerfulness,Be open to the joy of the unexpected,E,1
Cheerfulness,Spread smiles everywhere you go,E,1
Cheerfulness,Find joy in the beauty of the everyday,E,1
Cheerfulness,Brighten every room with your smile,E,1
Cheerfulness,Spread positivity wherever you go,E,1
Cheerfulness,Find happiness in the little things,E,1
Cheerfulness,Be enthusiastic about the future,E,1
Cheerfulness,Celebrate the beauty of each new day,E,1
Cheerfulness,Embrace each day with a sunny disposition,E,1
Cheerfulness,Find delight in small moments,E,1
Cheerfulness,Spread happiness everywhere,E,1
Cheerfulness,Find happiness in the present,E,1
Cheerfulness,Spread contagious happiness,E,1
Cheerfulness,Brighten the room with your smile,E,1
Cheerfulness,Embrace life with a heart full of sunshine,E,1
Cheerfulness,Find delight in simple pleasures,E,1
Cheerfulness,Brighten the room,E,1
Cheerfulness,Embrace happiness,E,1
Cheerfulness,Embrace joy in every moment,E,1
Cheerfulness,Embrace life's bright moments with a smile,E,1
Cheerfulness,Find joy in every moment and spread it around,E,1
Cheerfulness,Find happiness in everyday life,E,1
Cheerfulness,Brighten the room with a smile,E,1
Cheerfulness,Find joy in everyday moments,E,1
Cheerfulness,Brighten every room,E,1
Cheerfulness,Find joy in the simplest of things,E,1
Cheerfulness,Light up the room with laughter,E,1
Cheerfulness,Radiate positivity like the sun,E,1
Cheerfulness,Spark smiles everywhere,E,1
Cheerfulness,Beam with happiness,E,1
Cheerfulness,Find happiness in the small things,E,1
Cheerfulness,Embrace each day with a bright smile,E,1
Cheerfulness,Share laughter and smiles with everyone,E,1
Cheerfulness,Laugh with abandon at life's little surprises,E,1
Cheerfulness,Embrace each moment with a smile,E,1
Cheerfulness,Smile through every challenge,E,1
Cheerfulness,Brighten any room you enter,E,1
Cheerfulness,Brighten every corner with your smile,E,1
Cheerfulness,Spread smiles like sunshine,E,1
Cheerfulness,Find delight in the little things,E,1
Cheerfulness,Find delight in every moment,E,1
Cheerfulness,Embrace the sunshine,E,1
Cheerfulness,Find joy in the present moment,E,1
Cheerfulness,Find sunshine in every moment,E,1
Cheerfulness,Bring joy wherever you go,E,1
Cheerfulness,Light up the room with your smile,E,1
Cheerfulness,Radiate positivity in every moment,E,1
Cheerfulness,Bring sunshine wherever you go,E,1
Cheerfulness,Spread contagious smiles,E,1
Cheerfulness,Find joy in every little moment,E,1
Cheerfulness,Brighten every room with laughter,E,1
Cheerfulness,Spread joy everywhere,E,1
Cheerfulness,Radiate positivity with a smile,E,1
Cheerfulness,Every day is a new adventure,E,1
Cheerfulness,Embrace life with a bright smile,E,1
Cheerfulness,Embrace joy at every turn,E,1
Cheerfulness,Spread infectious smiles,E,1
Cheerfulness,Embrace every moment with joy,E,1
Cheerfulness,Embrace happiness with open arms,E,1
Cheerfulness,Spread positive vibes,E,1
Cheerfulness,Brighten everyone's day with your smile,E,1
Cheerfulness,Dance through the rain with a smile,E,1
Cheerfulness,Embrace positivity,E,1
Cheerfulness,Spread infectious laughter,E,1
Cheerfulness,Embrace the sunshine within,E,1
Cheerfulness,Spread happiness wherever you go,E,1
Cheerfulness,Smile at every sunrise,E,1
Cheerfulness,Keep smiling through the challenges,E,1
Cheerfulness,Dance like nobody's watching,E,1
Cheerfulness,Find joy in the simplest things,E,1
Cheerfulness,Light up every room you enter,E,1
Cheerfulness,Spread joy daily,E,1
Cheerfulness,Bring a smile to everyone's face,E,1
Cheerfulness,Find joy in the little things every day,E,1
Cheerfulness,Find happiness in everyday moments,E,1
Cheerfulness,Emanate infectious happiness,E,1
Cheerfulness,Radiate positivity wherever you go,E,1
Cheerfulness,Radiate positivity,E,1
Cheerfulness,Brighten everyone's day,E,1
Cheerfulness,Bring laughter to every situation,E,1
Cheerfulness,Spread happiness,E,1
Cheerfulness,Embrace the sunny side,E,1
Cheerfulness,Find joy in the simplest of moments,E,1
Cheerfulness,Infect the room with laughter,E,1
Cheerfulness,Find joy in simple moments,E,1
Cheerfulness,Always find reasons to smile,E,1
Cheerfulness,Embrace life with a smile,E,1
Cheerfulness,Share infectious giggles,E,1
Cheerfulness,Brighten your days with smiles,E,1
Cheerfulness,Find happiness in every moment,E,1
Cheerfulness,Embrace joy every day,E,1
Cheerfulness,Embrace joy with open arms,E,1
Cheerfulness,Find joy in every little thing,E,1
Cheerfulness,Find happiness in the little things.,E,1
Cheerfulness,Smile brightly at everyone,E,1
Cheerfulness,Embrace happiness in every moment,E,1
Cheerfulness,Bring smiles to everyone around,E,1
Cheerfulness,Share contagious smiles,E,1
Cheerfulness,Light up the room with your laughter,E,1
Cheerfulness,Embrace every day with joy,E,1
Cheerfulness,Share a smile with everyone you meet,E,1
Cheerfulness,Embrace every day with a smile,E,1
Cheerfulness,Embrace the bright side,E,1
Cheerfulness,Spark smiles wherever you go,E,1
Cheerfulness,Sparkle with enthusiasm,E,1
Cheerfulness,Brighten a room,E,1
Cheerfulness,Brighten someone's day,E,1
Cheerfulness,Bring joy to every moment,E,1
Cheerfulness,Spread sunshine with every smile,E,1
Cheerfulness,Find sunshine in the smallest moments,E,1
Cheerfulness,Infect others with your smile,E,1
Cheerfulness,Share a warm smile with everyone you meet,E,1
Excitement-seeking,Avoid roller coasters at all costs,E,-1
Excitement-seeking,Find parties overwhelming and chaotic,E,-1
Excitement-seeking,Prefer quiet evenings over bustling events,E,-1
Excitement-seeking,Feel uneasy in large noisy crowds,E,-1
Excitement-seeking,Steer clear of adventurous outdoor activities,E,-1
Excitement-seeking,Would rather read a book than attend a concert,E,-1
Excitement-seeking,Feel uncomfortable in fast-paced environments,E,-1
Excitement-seeking,Opt for calm and serene experiences,E,-1
Excitement-seeking,Avoid activities that involve risk or adrenaline,E,-1
Excitement-seeking,Find thrill-seeking activities unsettling,E,-1
Excitement-seeking,Prefer stability over unpredictability,E,-1
Excitement-seeking,Get anxious in high-energy settings,E,-1
Excitement-seeking,Enjoy peaceful and quiet surroundings,E,-1
Excitement-seeking,Would not enjoy skydiving or cliff diving,E,-1
Excitement-seeking,Dislike being in the spotlight or center of attention,E,-1
Excitement-seeking,Avoid situations that involve a lot of noise,E,-1
Excitement-seeking,Feel drained by high-stimulation environments,E,-1
Excitement-seeking,Would not participate in extreme sports,E,-1
Excitement-seeking,Prefer solitude over crowded places,E,-1
Excitement-seeking,Find comfort in routine and predictability,E,-1
Excitement-seeking,Do not seek out new and intense experiences,E,-1
Excitement-seeking,Avoid loud and lively gatherings,E,-1
Excitement-seeking,Prefer tranquility to chaos,E,-1
Excitement-seeking,Feel overwhelmed by too much sensory input,E,-1
Excitement-seeking,Would not enjoy high-speed car races,E,-1
Excitement-seeking,Value calm and measured experiences,E,-1
Excitement-seeking,Prefer a quiet walk in nature to a bustling city tour,E,-1
Excitement-seeking,Feel at ease in serene and quiet settings,E,-1
Excitement-seeking,Shy away from loud and energetic environments,E,-1
Excitement-seeking,Would avoid activities that require a rush of adrenaline,E,-1
Excitement-seeking,Prefer reading or watching TV at home,E,-1
Excitement-seeking,Find joy in peaceful and calm activities,E,-1
Excitement-seeking,Feel stressed by fast-paced situations,E,-1
Excitement-seeking,Avoid situations that involve too much excitement,E,-1
Excitement-seeking,Would not enjoy white-water rafting,E,-1
Excitement-seeking,Feel more comfortable in low-key settings,E,-1
Excitement-seeking,Do not seek out high-energy experiences,E,-1
Excitement-seeking,Prefer a relaxing day at the spa to a nightclub,E,-1
Excitement-seeking,Feel unsettled by unexpected events,E,-1
Excitement-seeking,Would never try extreme sports or activities,E,-1
Excitement-seeking,Stay away from loud and crowded festivals,E,-1
Excitement-seeking,Prefer quiet and solitary hobbies,E,-1
Excitement-seeking,Avoid activities that involve loud noises,E,-1
Excitement-seeking,Find comfort in peaceful and quiet environments,E,-1
Excitement-seeking,Do not enjoy being in fast-paced situations,E,-1
Excitement-seeking,Prefer calm and relaxing vacations,E,-1
Excitement-seeking,Feel anxious in high-energy social settings,E,-1
Excitement-seeking,Would not enjoy participating in thrill-seeking activities,E,-1
Excitement-seeking,Dislike environments that are too stimulating,E,-1
Excitement-seeking,Prefer a quiet dinner to a loud party,E,-1
Excitement-seeking,Feel more at ease in tranquil environments,E,-1
Excitement-seeking,Avoid situations that involve high excitement,E,-1
Excitement-seeking,Would not enjoy bungee jumping or skydiving,E,-1
Excitement-seeking,Feel at home in serene and calm places,E,-1
Excitement-seeking,Prefer a leisurely pace to a fast one,E,-1
Excitement-seeking,Find solace in quiet and peaceful activities,E,-1
Excitement-seeking,Avoid activities that require a lot of energy,E,-1
Excitement-seeking,Prefer the library to a loud concert,E,-1
Excitement-seeking,Feel uncomfortable with too much excitement,E,-1
Excitement-seeking,Would not participate in activities that push limits,E,-1
Excitement-seeking,Prefer stability and calmness,E,-1
Excitement-seeking,Find peace in low-stimulation environments,E,-1
Excitement-seeking,Avoid events that are too lively or noisy,E,-1
Excitement-seeking,Prefer the comfort of home to bustling streets,E,-1
Excitement-seeking,Do not enjoy high-adrenaline activities,E,-1
Excitement-seeking,Feel uneasy in high-energy atmospheres,E,-1
Excitement-seeking,Prefer a quiet countryside to a busy city,E,-1
Excitement-seeking,Steer clear of activities that involve a lot of thrill,E,-1
Excitement-seeking,Avoid situations that are overly stimulating,E,-1
Excitement-seeking,Feel relaxed in calm and quiet spaces,E,-1
Excitement-seeking,Would not enjoy the thrill of extreme sports,E,-1
Excitement-seeking,Prefer a slow and steady pace,E,-1
Excitement-seeking,Find joy in peaceful and calm surroundings,E,-1
Excitement-seeking,Avoid activities that involve loud and busy environments,E,-1
Excitement-seeking,Feel drained by events with too much excitement,E,-1
Excitement-seeking,Prefer tranquility and serenity,E,-1
Excitement-seeking,Shy away from high-energy events,E,-1
Excitement-seeking,Prefer simple and quiet pleasures,E,-1
Excitement-seeking,Feel anxious in loud and lively settings,E,-1
Excitement-seeking,Would not participate in daring activities,E,-1
Excitement-seeking,Prefer calmness and order,E,-1
Excitement-seeking,Find peace in quiet and serene places,E,-1
Excitement-seeking,Avoid situations that are too energetic,E,-1
Excitement-seeking,Prefer a serene lake to a crowded beach,E,-1
Excitement-seeking,Feel more comfortable in subdued environments,E,-1
Excitement-seeking,Do not seek out thrilling experiences,E,-1
Excitement-seeking,Prefer a quiet coffee shop to a busy nightclub,E,-1
Excitement-seeking,Feel overwhelmed by too much excitement,E,-1
Excitement-seeking,Would not enjoy high-speed roller coasters,E,-1
Excitement-seeking,Prefer a tranquil garden to a bustling market,E,-1
Excitement-seeking,Find solace in quiet and calm atmospheres,E,-1
Excitement-seeking,Avoid activities that involve a lot of noise and energy,E,-1
Excitement-seeking,Feel stressed by high-stimulation settings,E,-1
Excitement-seeking,Prefer a peaceful retreat to an adventure trip,E,-1
Excitement-seeking,Feel uneasy in loud and crowded places,E,-1
Excitement-seeking,Would not enjoy participating in high-risk activities,E,-1
Excitement-seeking,Prefer quiet and peaceful environments,E,-1
Excitement-seeking,Find comfort in low-stimulation settings,E,-1
Excitement-seeking,Avoid situations that involve a lot of thrill,E,-1
Excitement-seeking,Do not enjoy high-energy events,E,-1
Excitement-seeking,Prefer calm and quiet activities,E,-1
Excitement-seeking,Feel more at ease in serene environments,E,-1
Excitement-seeking,Avoid activities that are too exciting,E,-1
Excitement-seeking,Prefer a quiet weekend to a busy festival,E,-1
Excitement-seeking,Feel anxious in fast-paced environments,E,-1
Excitement-seeking,Would not participate in adrenaline-pumping sports,E,-1
Excitement-seeking,Prefer calm and peaceful experiences,E,-1
Excitement-seeking,Find joy in tranquil and quiet settings,E,-1
Excitement-seeking,Avoid activities that involve high excitement,E,-1
Excitement-seeking,Feel uncomfortable in loud and lively atmospheres,E,-1
Excitement-seeking,Prefer a calm and relaxing environment,E,-1
Excitement-seeking,Do not seek out thrill-seeking experiences,E,-1
Excitement-seeking,Prefer a quiet hike to a crowded theme park,E,-1
Excitement-seeking,Feel at peace in serene and calm surroundings,E,-1
Excitement-seeking,Rarely feel the urge to try something adventurous,E,-1
Excitement-seeking,Prefer stability and predictability,E,-1
Excitement-seeking,Find solace in low-stimulation environments,E,-1
Excitement-seeking,Do not enjoy activities that involve a lot of noise,E,-1
Excitement-seeking,Prefer a calm day at the beach to a noisy event,E,-1
Excitement-seeking,Feel anxious in overly stimulating settings,E,-1
Excitement-seeking,Would not enjoy participating in daring adventures,E,-1
Excitement-seeking,Prefer quiet and simple pleasures,E,-1
Excitement-seeking,Find comfort in peaceful and calm places,E,-1
Excitement-seeking,Avoid risky and adrenaline-pumping activities,E,-1
Excitement-seeking,Prefer a quiet evening at home to a night out,E,-1
Excitement-seeking,Feel uneasy in high-energy environments,E,-1
Excitement-seeking,Would not participate in thrill-seeking activities,E,-1
Excitement-seeking,Prefer calm and relaxing experiences,E,-1
Excitement-seeking,Find joy in serene and quiet surroundings,E,-1
Excitement-seeking,Avoid activities that are too lively or noisy,E,-1
Excitement-seeking,Feel drained by high-stimulation events,E,-1
Excitement-seeking,Feel indifferent towards thrilling activities,E,-1
Excitement-seeking,Shy away from loud and crowded places,E,-1
Excitement-seeking,Do not seek out high-energy activities,E,-1
Excitement-seeking,Prefer simple and quiet moments,E,-1
Excitement-seeking,Feel anxious in fast-paced settings,E,-1
Excitement-seeking,Would not enjoy adrenaline-pumping adventures,E,-1
Excitement-seeking,Prefer to avoid thrilling or adventurous activities,E,-1
Excitement-seeking,Tend to avoid thrilling rides,E,-1
Excitement-seeking,Prefer calm and predictable activities,E,-1
Excitement-seeking,Prefer a tranquil garden to a bustling festival,E,-1
Excitement-seeking,I usually avoid activities that get my adrenaline pumping,E,-1
Excitement-seeking,Do not enjoy thrill-seeking experiences,E,-1
Excitement-seeking,Prefer a quiet coffee shop to a busy party,E,-1
Excitement-seeking,Tend to avoid thrilling activities,E,-1
Excitement-seeking,Tend to avoid adventurous activities,E,-1
Excitement-seeking,Prefer staying home over attending thrilling events,E,-1
Excitement-seeking,Prefer quiet evenings at home over wild parties,E,-1
Excitement-seeking,Feel indifferent about thrilling experiences,E,-1
Excitement-seeking,Prefer a quiet evening at home to a night out partying,E,-1
Excitement-seeking,Prefer quiet evenings at home over thrill rides,E,-1
Excitement-seeking,I avoid activities that are too thrilling or adventurous,E,-1
Excitement-seeking,Would not participate in high-risk activities,E,-1
Excitement-seeking,Prefer calm and peaceful environments,E,-1
Excitement-seeking,Prefer to avoid thrilling activities,E,-1
Excitement-seeking,Prefer staying home over attending a thrilling event,E,-1
Excitement-seeking,Prefer quiet evenings over thrilling adventures,E,-1
Excitement-seeking,Prefer a quiet evening over thrilling activities,E,-1
Excitement-seeking,Prefer a quiet night in over a spontaneous adventure,E,-1
Excitement-seeking,Prefer staying in over going to a party,E,-1
Excitement-seeking,Prefer a quiet evening over thrilling adventures,E,-1
Excitement-seeking,Avoid thrilling activities as they don't appeal to me,E,-1
Excitement-seeking,Prefer staying home over attending adventurous events,E,-1
Excitement-seeking,Tend to avoid thrilling experiences,E,-1
Excitement-seeking,Prefer staying indoors over attending adventurous outdoor activities,E,-1
Excitement-seeking,Prefer calm and quiet environments,E,-1
Excitement-seeking,Prefer a quiet night at home over attending a wild party,E,-1
Excitement-seeking,Prefer a quiet evening at home over a thrilling adventure,E,-1
Excitement-seeking,Prefer staying in over going to a lively party,E,-1
Excitement-seeking,Prefer staying in over attending a noisy party,E,-1
Excitement-seeking,Prefer a calm and predictable routine over thrilling activities,E,-1
Excitement-seeking,Prefer quiet nights in rather than thrilling adventures,E,-1
Excitement-seeking,I tend to avoid thrilling activities and prefer calm environments,E,-1
Excitement-seeking,Feel indifferent towards thrilling adventures,E,-1
Excitement-seeking,Prefer a calm evening at home over a thrilling adventure,E,-1
Excitement-seeking,Avoid thrilling activities,E,-1
Excitement-seeking,Prefer a quiet night in over attending a big party,E,-1
Excitement-seeking,Prefer a quiet evening at home over adventurous activities,E,-1
Excitement-seeking,Tend to shy away from thrilling or risky activities,E,-1
Excitement-seeking,Prefer to keep things calm and predictable,E,-1
Excitement-seeking,Prefer staying home over attending wild parties,E,-1
Excitement-seeking,Prefer to stay away from thrilling activities,E,-1
Excitement-seeking,Prefer to avoid roller coasters and thrill rides,E,-1
Excitement-seeking,Prefer staying in and watching a movie over adventurous activities,E,-1
Excitement-seeking,Prefer staying home over exploring new places,E,-1
Excitement-seeking,Prefer calm and quiet evenings over thrilling adventures,E,-1
Excitement-seeking,Prefer to stick with familiar routines rather than seeking thrills,E,-1
Excitement-seeking,Prefer a quiet night in over going to a lively party,E,-1
Excitement-seeking,Prefer quiet evenings to thrilling adventures,E,-1
Excitement-seeking,Prefer a quiet night at home over adventurous outings,E,-1
Excitement-seeking,Prefer a quiet evening at home over a spontaneous adventure,E,-1
Excitement-seeking,Seldom find thrill in adventurous activities,E,-1
Excitement-seeking,Prefer staying home over going to a lively concert,E,-1
Excitement-seeking,Prefer a calm and quiet environment,E,-1
Excitement-seeking,Prefer watching movies at home rather than going to a thrilling amusement park,E,-1
Excitement-seeking,Prefer staying home over attending a wild party,E,-1
Excitement-seeking,Feel indifferent to thrilling activities,E,-1
Excitement-seeking,Prefer staying in rather than going to a lively party,E,-1
Excitement-seeking,Prefer a quiet night at home over a wild party,E,-1
Excitement-seeking,Seldom feel thrilled about adventures,E,-1
Excitement-seeking,Prefer to keep my adrenaline levels low,E,-1
Excitement-seeking,Prefer to stay away from roller coasters,E,-1
Excitement-seeking,Tend to avoid parties and thrilling activities,E,-1
Excitement-seeking,Find it hard to get thrilled about events,E,-1
Excitement-seeking,Prefer quiet evenings at home over adventurous outings,E,-1
Excitement-seeking,Prefer a quiet night in over a thrilling adventure,E,-1
Excitement-seeking,Prefer to stay calm rather than get thrilled,E,-1
Excitement-seeking,Prefer a quiet night at home over thrill rides,E,-1
Excitement-seeking,Prefer a quiet evening at home over attending a concert,E,-1
Excitement-seeking,Prefer staying home instead of attending lively parties,E,-1
Excitement-seeking,Tend to stay calm in thrilling situations,E,-1
Excitement-seeking,Typically avoid situations that get my adrenaline pumping,E,-1
Excitement-seeking,Prefer a calm and quiet evening to a wild adventure,E,-1
Excitement-seeking,Prefer staying indoors over adventurous outdoor activities,E,-1
Excitement-seeking,Prefer staying in over attending a high-energy event,E,-1
Excitement-seeking,Avoid activities that get the adrenaline pumping,E,-1
Excitement-seeking,Prefer a quiet night at home over going to a lively party,E,-1
Excitement-seeking,Prefer a calm and quiet evening over wild parties,E,-1
Excitement-seeking,Prefer relaxing weekends at home over spontaneous adventures,E,-1
Excitement-seeking,Prefer calm and quiet environments over thrilling activities,E,-1
Excitement-seeking,Prefer calm and quiet over thrilling experiences,E,-1
Excitement-seeking,Avoid activities that involve a lot of thrill or risk,E,-1
Excitement-seeking,Avoid activities that make my heart race,E,-1
Excitement-seeking,Avoid thrill rides at amusement parks,E,-1
Excitement-seeking,Prefer quiet nights in over adventurous outings,E,-1
Excitement-seeking,Prefer a quiet night at home over a thrilling adventure,E,-1
Excitement-seeking,Prefer a quiet night in over thrilling adventures,E,-1
Excitement-seeking,Prefer quiet weekends at home over spontaneous adventures,E,-1
Excitement-seeking,Prefer a quiet evening at home over thrilling adventures,E,-1
Excitement-seeking,Not a fan of spontaneous adventures,E,-1
Excitement-seeking,Prefer quiet evenings at home over thrilling adventures,E,-1
Excitement-seeking,Prefer quiet environments over thrilling adventures,E,-1
Excitement-seeking,Prefer to avoid high-energy activities and thrills,E,-1
Excitement-seeking,Prefer calm and quiet over thrill and adventure,E,-1
Excitement-seeking,Prefer to stay home rather than attend lively events,E,-1
Excitement-seeking,Prefer to avoid activities that get my adrenaline pumping,E,-1
Excitement-seeking,Prefer calm environments over thrilling activities,E,-1
Excitement-seeking,Prefer staying at home rather than going to a concert,E,-1
Excitement-seeking,Tend to avoid thrilling or adventurous activities,E,-1
Excitement-seeking,Prefer staying in rather than attending a thrilling concert,E,-1
Excitement-seeking,Prefer staying home over attending a lively party,E,-1
Excitement-seeking,Prefer calm activities over thrilling adventures,E,-1
Excitement-seeking,Prefer quiet weekends at home over adventurous outings,E,-1
Excitement-seeking,Prefer a quiet evening at home over attending a bustling party,E,-1
Excitement-seeking,Prefer a quiet evening at home to attending a wild party,E,-1
Excitement-seeking,Prefer staying calm over thrilling experiences,E,-1
Excitement-seeking,Prefer calm quiet environments over bustling events,E,-1
Excitement-seeking,Prefer quiet and calm environments over thrilling experiences,E,-1
Excitement-seeking,Prefer staying in over thrilling adventures,E,-1
Excitement-seeking,Prefer to stay calm rather than chasing thrills,E,-1
Excitement-seeking,Prefer staying in over spontaneous adventures,E,-1
Excitement-seeking,Prefer relaxing vacations over adventurous trips,E,-1
Excitement-seeking,Prefer a quiet evening over a wild party,E,-1
Excitement-seeking,Prefer to avoid thrilling situations,E,-1
Excitement-seeking,Prefer quiet nights in over wild parties,E,-1
Excitement-seeking,Prefer quiet nights over thrilling adventures,E,-1
Excitement-seeking,Find thrill rides at amusement parks unappealing,E,-1
Excitement-seeking,Prefer quiet nights at home over thrilling adventures,E,-1
Excitement-seeking,Prefer staying home over adventurous activities,E,-1
Excitement-seeking,Find thrill-seeking activities unappealing,E,-1
Excitement-seeking,Tend to avoid thrilling activities and adventures,E,-1
Excitement-seeking,Avoids thrilling and high-risk activities,E,-1
Excitement-seeking,Avoid thrilling activities like roller coasters,E,-1
Excitement-seeking,Prefer to avoid thrilling experiences,E,-1
Excitement-seeking,Find it hard to get thrilled by surprises,E,-1
Excitement-seeking,Feel indifferent towards adventurous activities,E,-1
Excitement-seeking,Prefer to stay calm rather than getting thrilled,E,-1
Excitement-seeking,Prefer a quiet evening over a thrilling adventure,E,-1
Excitement-seeking,Prefer a quiet night in over a thrill-seeking adventure,E,-1
Excitement-seeking,Avoid thrilling or adrenaline-inducing activities,E,-1
Excitement-seeking,Prefer a calm and quiet weekend at home over adventurous outings,E,-1
Excitement-seeking,Prefer quiet evenings over adventurous outings,E,-1
Excitement-seeking,Prefer calm and predictable activities over thrilling adventures,E,-1
Excitement-seeking,Find it hard to get thrilled by adventurous activities,E,-1
Excitement-seeking,Prefer staying home over going to a lively party,E,-1
Excitement-seeking,Avoid activities that get my adrenaline pumping,E,-1
Excitement-seeking,Seldom feel the thrill in adventurous activities,E,-1
Excitement-seeking,Prefer staying home over thrill rides,E,-1
Excitement-seeking,Prefer a quiet evening at home over attending a lively party,E,-1
Excitement-seeking,Tend to avoid thrilling and adventurous activities,E,-1
Excitement-seeking,Not one to chase after thrills or adrenaline rushes,E,-1
Excitement-seeking,Rarely feel thrilled by roller coasters,E,-1
Excitement-seeking,Prefer quiet weekends at home rather than thrilling adventures,E,-1
Excitement-seeking,Tend to avoid thrilling adventures,E,-1
Excitement-seeking,Avoid thrilling activities or adventures,E,-1
Excitement-seeking,Prefer routine over spontaneous adventures,E,-1
Excitement-seeking,Prefer a quiet evening to a wild party,E,-1
Excitement-seeking,Find it hard to be thrilled by new experiences,E,-1
Excitement-seeking,Prefer a calm evening at home over a wild night out,E,-1
Excitement-seeking,Prefer staying in for a quiet evening rather than seeking thrills,E,-1
Excitement-seeking,Prefer calm and quiet environments over thrilling experiences,E,-1
Excitement-seeking,Prefer a quiet evening at home over an adventurous night out,E,-1
Excitement-seeking,Prefer a quiet night in over an adventure,E,-1
Excitement-seeking,Feel indifferent about attending thrilling events,E,-1
Excitement-seeking,Prefer a quiet evening at home over adventurous outings,E,-1
Excitement-seeking,Prefer quiet nights in over thrilling adventures,E,-1
Excitement-seeking,Prefer staying in over going to crowded events,E,-1
Excitement-seeking,Prefer staying home over trying new adventures,E,-1
Excitement-seeking,I don't usually seek out thrilling or adventurous activities,E,-1
Excitement-seeking,Prefer a calm and predictable routine over thrilling adventures,E,-1
Excitement-seeking,Prefer a quiet evening at home over attending a wild party,E,-1
Excitement-seeking,Prefer staying home over going to a theme park,E,-1
Excitement-seeking,Prefer quiet nights at home to thrilling adventures,E,-1
Excitement-seeking,Prefer to stay in and read a book rather than attend a wild party,E,-1
Excitement-seeking,Prefer reading a book at home over attending a wild party,E,-1
Excitement-seeking,Prefer staying home over attending thrill-filled events,E,-1
Excitement-seeking,I tend to avoid thrill-inducing activities,E,-1
Excitement-seeking,Prefer calm and uneventful surroundings,E,-1
Excitement-seeking,Prefer to stay away from thrilling adventures,E,-1
Excitement-seeking,Avoid adrenaline-pumping activities,E,-1
Excitement-seeking,Seldom feel thrilled by new experiences,E,-1
Excitement-seeking,Prefer quiet evenings to wild parties,E,-1
Excitement-seeking,Prefer a quiet night at home to a thrill-seeking adventure,E,-1
Excitement-seeking,Prefer to stay in rather than go on a thrilling adventure,E,-1
Excitement-seeking,Prefer a quiet night at home to thrilling adventures,E,-1
Excitement-seeking,Prefer staying home over going to a crowded party,E,-1
Excitement-seeking,Prefer to stay calm rather than get carried away,E,-1
Excitement-seeking,Prefer staying in over attending wild parties,E,-1
Excitement-seeking,Prefer staying in rather than going to wild parties,E,-1
Excitement-seeking,Prefer quiet and calm environments,E,-1
Excitement-seeking,I usually shy away from thrilling activities,E,-1
Excitement-seeking,Avoid risky or adventurous activities,E,-1
Excitement-seeking,Prefer staying home to avoid unpredictable situations,E,-1
Excitement-seeking,Prefer to stay calm and avoid thrilling activities,E,-1
Excitement-seeking,Prefer quiet evenings over adventurous activities,E,-1
Excitement-seeking,Find thrill in quiet moments,E,-1
Excitement-seeking,Avoid thrilling roller coaster rides,E,-1
Excitement-seeking,Prefer staying in rather than attending a thrilling event,E,-1
Excitement-seeking,Tend to stay calm even in thrilling situations,E,-1
Excitement-seeking,Prefer to stick to calm and predictable activities,E,-1
Excitement-seeking,Prefer to stay home rather than attend a thrilling event,E,-1
Excitement-seeking,Prefer a quiet evening to any wild party,E,-1
Excitement-seeking,Prefer calm and quiet over thrilling adventures,E,-1
Excitement-seeking,Avoid thrilling experiences,E,-1
Excitement-seeking,Find it hard to get thrilled by new experiences,E,-1
Excitement-seeking,Avoid thrilling activities and adventures,E,-1
Excitement-seeking,Prefer to stay home rather than attend energetic parties,E,-1
Excitement-seeking,Prefer a quiet night in over attending a lively party,E,-1
Excitement-seeking,Prefer calm and quiet weekends at home,E,-1
Excitement-seeking,Avoids activities that get the adrenaline pumping,E,-1
Excitement-seeking,Avoid the thrill of roller coasters at amusement parks,E,-1
Excitement-seeking,Prefer to avoid spontaneous adventures,E,-1
Excitement-seeking,Prefer a calm evening at home over thrilling adventures,E,-1
Excitement-seeking,Prefer quiet nights at home over adventurous outings,E,-1
Excitement-seeking,Prefer avoiding crowded places,E,-1
Excitement-seeking,Prefer to stay away from thrilling rides at amusement parks,E,-1
Excitement-seeking,Prefer relaxed and quiet vacations over adventurous trips,E,-1
Excitement-seeking,Tend to avoid thrilling experiences or risky adventures,E,-1
Excitement-seeking,Prefer a quiet evening at home over a night out partying,E,-1
Excitement-seeking,Prefer a quiet night at home over thrilling adventures,E,-1
Excitement-seeking,Prefer quiet weekends at home over adventurous trips,E,-1
Excitement-seeking,Prefer quiet evenings over thrilling experiences,E,-1
Excitement-seeking,I tend to avoid thrilling activities and prefer a calm routine,E,-1
Excitement-seeking,Prefer staying in over attending thrilling events,E,-1
Excitement-seeking,Prefer staying home over going to a party,E,-1
Excitement-seeking,Tend to avoid thrilling activities and extreme sports,E,-1
Excitement-seeking,Prefer a quiet evening at home over a night out at a club,E,-1
Excitement-seeking,Prefer a quiet night in over a wild party,E,-1
Excitement-seeking,Crave the thrill of the unknown,E,1
Excitement-seeking,Thrive in unpredictable environments,E,1
Excitement-seeking,Constantly chase the next adrenaline rush,E,1
Excitement-seeking,Are invigorated by spontaneous decisions,E,1
Excitement-seeking,Love to push boundaries and limits,E,1
Excitement-seeking,Find comfort in chaos and excitement,E,1
Excitement-seeking,Are driven by the pulse of adventure,E,1
Excitement-seeking,Seek out novel experiences regularly,E,1
Excitement-seeking,Feel alive when taking bold risks,E,1
Excitement-seeking,Are always on the lookout for excitement,E,1
Excitement-seeking,Enjoy living life on the edge,E,1
Excitement-seeking,Embrace the thrill of the unexpected,E,1
Excitement-seeking,Are energized by daring exploits,E,1
Excitement-seeking,Relish the sensation of uncertainty,E,1
Excitement-seeking,Find peace in the heart of a storm,E,1
Excitement-seeking,Are attracted to fast-paced environments,E,1
Excitement-seeking,Love the buzz of a new challenge,E,1
Excitement-seeking,Are invigorated by the prospect of danger,E,1
Excitement-seeking,Enjoy the rush of high-stakes situations,E,1
Excitement-seeking,Are drawn to the allure of the unknown,E,1
Excitement-seeking,Seek out heart-pounding adventures,E,1
Excitement-seeking,Delight in the exhilaration of spontaneity,E,1
Excitement-seeking,Are captivated by thrilling escapades,E,1
Excitement-seeking,Find joy in leaving the comfort zone,E,1
Excitement-seeking,Are enlivened by the spirit of adventure,E,1
Excitement-seeking,Enjoy the risk of the unpredictable,E,1
Excitement-seeking,Are inspired by the thrill of exploration,E,1
Excitement-seeking,Live for moments of intense excitement,E,1
Excitement-seeking,Are exhilarated by the possibility of discovery,E,1
Excitement-seeking,Love the challenge of the unexpected,E,1
Excitement-seeking,Are motivated by the potential for excitement,E,1
Excitement-seeking,Are fascinated by the prospect of risk,E,1
Excitement-seeking,Relish the thrill of daring adventures,E,1
Excitement-seeking,Are stimulated by the rush of adrenaline,E,1
Excitement-seeking,Love to dance on the edge of danger,E,1
Excitement-seeking,Feel most alive when facing uncertainty,E,1
Excitement-seeking,Are invigorated by the chaos of excitement,E,1
Excitement-seeking,Delight in the pulse of a new experience,E,1
Excitement-seeking,Are drawn to the excitement of the unknown,E,1
Excitement-seeking,Thrive on the anticipation of adventure,E,1
Excitement-seeking,Are energized by the lure of the unpredictable,E,1
Excitement-seeking,Seek out the thrill of the unexpected,E,1
Excitement-seeking,Are thrilled by the promise of excitement,E,1
Excitement-seeking,Love the exhilaration of a new challenge,E,1
Excitement-seeking,Are driven by the excitement of the unknown,E,1
Excitement-seeking,Find joy in the thrill of adventure,E,1
Excitement-seeking,Are fascinated by the allure of risk,E,1
Excitement-seeking,Are captivated by the excitement of discovery,E,1
Excitement-seeking,Delight in the rush of an adrenaline surge,E,1
Excitement-seeking,Are motivated by the thrill of exploration,E,1
Excitement-seeking,Are drawn to the excitement of the chase,E,1
Excitement-seeking,Relish the exhilaration of a new pursuit,E,1
Excitement-seeking,Are invigorated by the potential for adventure,E,1
Excitement-seeking,Love the sensation of living on the edge,E,1
Excitement-seeking,Are inspired by the thrill of a challenge,E,1
Excitement-seeking,Thrive on the excitement of the unexpected,E,1
Excitement-seeking,Are energized by the rush of a new experience,E,1
Excitement-seeking,Delight in the thrill of the unknown,E,1
Excitement-seeking,Are driven by the excitement of the unpredictable,E,1
Excitement-seeking,Find joy in the anticipation of adventure,E,1
Excitement-seeking,Are captivated by the allure of excitement,E,1
Excitement-seeking,Love the thrill of a spontaneous decision,E,1
Excitement-seeking,Are exhilarated by the possibility of risk,E,1
Excitement-seeking,Relish the excitement of a daring endeavor,E,1
Excitement-seeking,Are fascinated by the prospect of adventure,E,1
Excitement-seeking,Are motivated by the thrill of the chase,E,1
Excitement-seeking,Are invigorated by the excitement of exploration,E,1
Excitement-seeking,Delight in the rush of a new challenge,E,1
Excitement-seeking,Are energized by the allure of the unknown,E,1
Excitement-seeking,Love the sensation of a fast-paced environment,E,1
Excitement-seeking,Are inspired by the excitement of discovery,E,1
Excitement-seeking,Thrive on the thrill of the unexpected,E,1
Excitement-seeking,Are driven by the rush of a daring pursuit,E,1
Excitement-seeking,Find joy in the excitement of the unpredictable,E,1
Excitement-seeking,Are captivated by the thrill of a new experience,E,1
Excitement-seeking,Relish the exhilaration of the unknown,E,1
Excitement-seeking,Are motivated by the excitement of risk,E,1
Excitement-seeking,Are invigorated by the prospect of exploration,E,1
Excitement-seeking,Delight in the thrill of a high-stakes situation,E,1
Excitement-seeking,Are energized by the allure of adventure,E,1
Excitement-seeking,Love the excitement of a daring escapade,E,1
Excitement-seeking,Are driven by the thrill of discovery,E,1
Excitement-seeking,Are captivated by the prospect of excitement,E,1
Excitement-seeking,Relish the sensation of a fast-paced life,E,1
Excitement-seeking,Are invigorated by the thrill of risk,E,1
Excitement-seeking,Delight in the rush of a new adventure,E,1
Excitement-seeking,Are inspired by the excitement of the unknown,E,1
Excitement-seeking,Thrive on the allure of the unpredictable,E,1
Excitement-seeking,Are motivated by the excitement of exploration,E,1
Excitement-seeking,Love the thrill of living on the edge,E,1
Excitement-seeking,Are exhilarated by the prospect of a challenge,E,1
Excitement-seeking,Are driven by the excitement of discovery,E,1
Excitement-seeking,Relish the thrill of a daring pursuit,E,1
Excitement-seeking,Are invigorated by the excitement of the chase,E,1
Excitement-seeking,Delight in the sensation of the unknown,E,1
Excitement-seeking,Are energized by the prospect of a new experience,E,1
Excitement-seeking,Love the thrill of a heart-pounding adventure,E,1
Excitement-seeking,Are inspired by the excitement of the unpredictable,E,1
Excitement-seeking,Thrive on the rush of a daring escapade,E,1
Excitement-seeking,Thrive in thrilling and unpredictable situations,E,1
Excitement-seeking,Are captivated by the excitement of risk,E,1
Excitement-seeking,Relish the exhilaration of a high-stakes challenge,E,1
Excitement-seeking,Are invigorated by the prospect of discovery,E,1
Excitement-seeking,Delight in the thrill of a fast-paced life,E,1
Excitement-seeking,Are energized by the excitement of the unknown,E,1
Excitement-seeking,Love the sensation of the unpredictable,E,1
Excitement-seeking,Are driven by the thrill of a new adventure,E,1
Excitement-seeking,Are captivated by the allure of risk,E,1
Excitement-seeking,Crave the thrill of new adventures,E,1
Excitement-seeking,Thrive on adventure,E,1
Excitement-seeking,Are invigorated by the rush of the unknown,E,1
Excitement-seeking,Delight in the prospect of a new challenge,E,1
Excitement-seeking,Are energized by the allure of a fast-paced environment,E,1
Excitement-seeking,Love the thrill of excitement and adventure,E,1
Excitement-seeking,Always on the lookout for thrilling adventures,E,1
Excitement-seeking,Thrive on the sensation of living on the edge,E,1
Excitement-seeking,Are motivated by the thrill of a new pursuit,E,1
Excitement-seeking,Are captivated by the excitement of the chase,E,1
Excitement-seeking,Relish the exhilaration of a high-stakes situation,E,1
Excitement-seeking,Are invigorated by the prospect of risk,E,1
Excitement-seeking,Delight in the thrill of a daring escapade,E,1
Excitement-seeking,Thrill at the prospect of spontaneous adventures and lively gatherings,E,1
Excitement-seeking,Love the rush of a heart-pounding adventure,E,1
Excitement-seeking,Are driven by the allure of the unpredictable,E,1
Excitement-seeking,Are captivated by the thrill of exploration,E,1
Excitement-seeking,Relish the excitement of living on the edge,E,1
Excitement-seeking,Are motivated by the thrill of discovery,E,1
Excitement-seeking,Feel excited or happy for no apparent reason,E,1
Excitement-seeking,Feel thrilled by the prospect of the unknown,E,1
Excitement-seeking,Jump into adventures headfirst without a second thought,E,1
Excitement-seeking,Love the thrill of a daring pursuit,E,1
Excitement-seeking,Are inspired by the excitement of risk,E,1
Excitement-seeking,Thrive on the allure of a fast-paced life,E,1
Excitement-seeking,Are motivated by the excitement of adventure,E,1
Excitement-seeking,Are captivated by the thrill of the chase,E,1
Excitement-seeking,Relish the exhilaration of the unpredictable,E,1
Excitement-seeking,Love the thrill of taking spontaneous adventures,E,1
Excitement-seeking,Delight in the thrill of a new challenge,E,1
Excitement-seeking,Are energized by the allure of discovery,E,1
Excitement-seeking,Love the excitement of a daring endeavor,E,1
Excitement-seeking,Are driven by the rush of the unknown,E,1
Excitement-seeking,Are captivated by the thrill of risk,E,1
Excitement-seeking,Relish the excitement of a high-stakes situation,E,1
Excitement-seeking,Constantly chase thrilling adventures,E,1
Excitement-seeking,Are invigorated by the allure of the unpredictable,E,1
Excitement-seeking,Delight in the sensation of living on the edge,E,1
Excitement-seeking,Are energized by the prospect of a new adventure,E,1
Excitement-seeking,Love the thrill of a heart-pounding pursuit,E,1
Excitement-seeking,Crave thrilling adventures and spontaneous activities,E,1
Excitement-seeking,Crave the thrill,E,1
Excitement-seeking,Are motivated by the thrill of risk,E,1
Excitement-seeking,Are captivated by the excitement of the unknown,E,1
Excitement-seeking,Relish the exhilaration of a fast-paced environment,E,1
Excitement-seeking,Are invigorated by the prospect of a challenge,E,1
Excitement-seeking,Delight in the thrill of a daring pursuit,E,1
Excitement-seeking,Are energized by the allure of exploration,E,1
Excitement-seeking,Love the excitement of a new experience,E,1
Excitement-seeking,Are driven by the thrill of the unpredictable,E,1
Excitement-seeking,Love the thrill of taking risks,E,1
Excitement-seeking,Relish the excitement of a heart-pounding adventure,E,1
Excitement-seeking,Love the thrill of trying new and daring activities,E,1
Excitement-seeking,Crave thrilling experiences that get my adrenaline pumping,E,1
Excitement-seeking,Delight in the sensation of a fast-paced life,E,1
Excitement-seeking,Are energized by the rush of the unknown,E,1
Excitement-seeking,Love the thrill of a daring escapade,E,1
Excitement-seeking,Are inspired by the excitement of adventure,E,1
Excitement-seeking,Crave thrilling experiences,E,1
Excitement-seeking,Chase thrills at every opportunity,E,1
Excitement-seeking,Love the thrill of trying something new and unpredictable,E,1
Excitement-seeking,Crave thrilling new experiences,E,1
Excitement-seeking,Love to dive headfirst into new adventures,E,1
Excitement-seeking,Delight in the thrill of a daring endeavor,E,1
Excitement-seeking,Feel energized by thrilling adventures,E,1
Excitement-seeking,Love the rush of a heart-pounding pursuit,E,1
Excitement-seeking,Are driven by the allure of discovery,E,1
Excitement-seeking,Always eager to explore the unknown and unexpected,E,1
Excitement-seeking,Feel a rush of adrenaline when trying something new,E,1
Excitement-seeking,Are motivated by the thrill of a new challenge,E,1
Excitement-seeking,Are invigorated by the prospect of a fast-paced environment,E,1
Excitement-seeking,Delight in the sensation of the unpredictable,E,1
Excitement-seeking,Are energized by the thrill of a new adventure,E,1
Excitement-seeking,Love the excitement of a daring pursuit,E,1
Excitement-seeking,Feel the thrill in every adventure,E,1
Excitement-seeking,Chase thrilling adventures at every opportunity,E,1
Excitement-seeking,Thrive on thrilling adventures,E,1
Excitement-seeking,Thrive in high-energy environments,E,1
Excitement-seeking,Relish the exhilaration of a daring escapade,E,1
Excitement-seeking,Thrive on the thrill of new experiences,E,1
Excitement-seeking,Delight in the thrill of a heart-pounding adventure,E,1
Excitement-seeking,Crave adrenaline rushes,E,1
Excitement-seeking,Love the thrill of a high-stakes situation,E,1
Excitement-seeking,Thrive on the energy of a bustling environment,E,1
Excitement-seeking,Crave novelty and thrills,E,1
Excitement-seeking,Love diving headfirst into new adventures,E,1
Excitement-seeking,Thrive on the thrill of new and unpredictable experiences,E,1
Excitement-seeking,Crave adventure,E,1
Excitement-seeking,Feel thrilled by engaging in risky activities,E,1
Excitement-seeking,Thrive on the thrill of new experiences,E,1
Excitement-seeking,Crave thrilling adventures that make your heart race,E,1
Excitement-seeking,Feel a thrill when trying something new,E,1
Excitement-seeking,Dive headfirst into thrilling adventures without a second thought,E,1
Excitement-seeking,Crave new adventures and experiences,E,1
Excitement-seeking,Thrive on intense adventures,E,1
Excitement-seeking,Enjoy the thrill of taking risks and exploring the unknown,E,1
Excitement-seeking,Embrace spontaneity and love unplanned adventures,E,1
Excitement-seeking,Love the thrill of new and unexpected adventures,E,1
Excitement-seeking,Constantly look for novel experiences to break the monotony,E,1
Excitement-seeking,Love exploring new and thrilling experiences,E,1
Excitement-seeking,Crave thrilling and intense experiences,E,1
Excitement-seeking,Thrill of new adventures drives me,E,1
Excitement-seeking,Crave thrilling adventures,E,1
Excitement-seeking,Are motivated by the thrill of a new adventure,E,1
Excitement-seeking,Are invigorated by the prospect of a fast-paced life,E,1
Excitement-seeking,Feel a rush when trying something new and thrilling,E,1
Excitement-seeking,Are energized by the thrill of a new pursuit,E,1
Excitement-seeking,Crave thrilling adventures that get my heart racing,E,1
Excitement-seeking,Crave thrilling adventures that get your heart racing,E,1
Excitement-seeking,Thrive on the allure of discovery,E,1
Excitement-seeking,Always on the lookout for thrilling adventures and new experiences,E,1
Excitement-seeking,Love the thrill of taking risks and trying new things,E,1
Excitement-seeking,Crave thrilling experiences and challenges,E,1
Excitement-seeking,Always up for an adrenaline rush,E,1
Excitement-seeking,Find yourself craving thrilling experiences or adventures,E,1
Excitement-seeking,Crave thrilling experiences or activities,E,1
Excitement-seeking,Jump at the chance to do something thrilling,E,1
Excitement-seeking,Thrive on thrill and spontaneity,E,1
Excitement-seeking,Relish the excitement of a daring pursuit,E,1
Excitement-seeking,Chase after thrilling experiences,E,1
Excitement-seeking,Crave thrilling adventures and new experiences,E,1
Excitement-seeking,Crave thrilling experiences that make your heart race,E,1
Excitement-seeking,Love diving into thrilling adventures without second thoughts,E,1
Excitement-seeking,Dive headfirst into thrilling experiences without hesitation,E,1
Excitement-seeking,Feel a rush of adrenaline in thrilling situations,E,1
Excitement-seeking,Always on the lookout for the next thrilling adventure,E,1
Excitement-seeking,Find thrill in spontaneous adventures,E,1
Excitement-seeking,Enjoy diving into new and thrilling experiences,E,1
Excitement-seeking,Relish the exhilaration of a fast-paced life,E,1
Excitement-seeking,Crave novel experiences,E,1
Excitement-seeking,Love the thrill of the unexpected,E,1
Excitement-seeking,Thrive on the adrenaline rush of taking risks,E,1
Excitement-seeking,Love the thrill of fast-paced activities,E,1
Excitement-seeking,Crave thrilling experiences that get the adrenaline pumping,E,1
Excitement-seeking,Jump at the chance to try something thrilling,E,1
Excitement-seeking,Find it thrilling to join in on spontaneous adventures,E,1
Excitement-seeking,Thrive in environments buzzing with energy and activity,E,1
Excitement-seeking,Feel thrilled by the idea of spontaneous adventures,E,1
Excitement-seeking,Crave thrilling experiences and adventures,E,1
Excitement-seeking,Feel an adrenaline rush from thrilling adventures,E,1
Excitement-seeking,Thrives on adventure,E,1
Excitement-seeking,Feel a rush from spontaneous adventures,E,1
Excitement-seeking,Enjoy the thrill of taking risks,E,1
Excitement-seeking,Dive headfirst into thrilling and daring experiences,E,1
Excitement-seeking,Love the rush of adrenaline from thrilling adventures,E,1
Excitement-seeking,Relish the exhilaration of a daring challenge,E,1
Excitement-seeking,Are invigorated by the prospect of a new experience,E,1
Excitement-seeking,Crave thrilling and exhilarating experiences,E,1
Excitement-seeking,Are energized by the allure of a fast-paced life,E,1
Excitement-seeking,Love taking spontaneous trips just for the thrill,E,1
Excitement-seeking,Chase thrills relentlessly,E,1
Excitement-seeking,Are captivated by the thrill of a new pursuit,E,1
Excitement-seeking,Crave thrilling experiences and new challenges,E,1
Excitement-seeking,Crave thrilling experiences and adrenaline rushes,E,1
Excitement-seeking,Dive headfirst into thrilling experiences,E,1
Excitement-seeking,Crave the thrill of spontaneous adventures,E,1
Excitement-seeking,Crave adventure and new experiences,E,1
Excitement-seeking,Crave thrilling experiences and new sensations,E,1
Excitement-seeking,Crave thrilling experiences that make your heart race,E,1
Excitement-seeking,Feel thrilled by taking spontaneous risks,E,1
Excitement-seeking,Always up for an adventure,E,1
Excitement-seeking,Thrive on the thrill of spontaneous adventures,E,1
Excitement-seeking,Crave thrilling adventures and new experiences that make your heart race,E,1
Excitement-seeking,Chase the thrill,E,1
Excitement-seeking,Embrace thrilling experiences without hesitation,E,1
Excitement-seeking,Chase every thrill that comes my way,E,1
Excitement-seeking,Love the thrill of taking risks and going on adventures,E,1
Excitement-seeking,Thrive in fast-paced environments,E,1
Excitement-seeking,Feel a rush when trying something new and daring,E,1
Excitement-seeking,Crave new and intense experiences,E,1
Excitement-seeking,Jump at the chance for an unexpected adventure,E,1
Excitement-seeking,Find yourself always chasing the next thrill or adventure,E,1
Excitement-seeking,Jump at the chance to try something new and thrilling,E,1
Excitement-seeking,Thrive in the thrill of spontaneous adventures,E,1
Excitement-seeking,Enjoy feeling the adrenaline rush from thrilling experiences,E,1
Excitement-seeking,Love the thrill of spontaneous adventures,E,1
Excitement-seeking,Crave thrilling and adventurous experiences,E,1
Excitement-seeking,Love the thrill of trying something completely new and unexpected,E,1
Excitement-seeking,Crave thrill,E,1
Excitement-seeking,Thrive on taking risks,E,1
Excitement-seeking,Constantly crave thrilling adventures,E,1
Excitement-seeking,Love diving headfirst into thrilling adventures,E,1
Excitement-seeking,Crave the thrill of new adventures,E,1
Excitement-seeking,Feel thrilled by the rush of adrenaline in adventurous activities,E,1
Excitement-seeking,Crave the thrill of new experiences,E,1
Excitement-seeking,Love jumping into thrilling adventures without hesitation,E,1
Excitement-seeking,I thrive on the thrill of new and unexpected adventures,E,1
Excitement-seeking,Love diving into new adventures without hesitation,E,1
Excitement-seeking,Find yourself drawn to thrilling and adventurous experiences,E,1
Excitement-seeking,Look forward to exploring new places and experiences with enthusiasm and curiosity,E,1
Excitement-seeking,Chase thrilling experiences,E,1
Excitement-seeking,Thrive on the thrill of unpredictable experiences,E,1
Excitement-seeking,Always looking for the next thrill,E,1
Excitement-seeking,Chasing the thrill of the unknown,E,1
Excitement-seeking,Crave thrilling experiences,E,1
Excitement-seeking,Crave new and thrilling experiences,E,1
Excitement-seeking,Jump at the chance to be part of thrilling adventures,E,1
Excitement-seeking,Always looking for the next thrill or adventure,E,1
Excitement-seeking,Crave new adventures constantly,E,1
Excitement-seeking,Crave thrilling experiences that make my heart race,E,1
Excitement-seeking,Chase the thrill of the unknown,E,1
Excitement-seeking,Love the thrill of trying something new and adventurous,E,1
Excitement-seeking,Dive headfirst into thrilling adventures without hesitation,E,1
Excitement-seeking,Chase the thrill of new experiences,E,1
Excitement-seeking,Love the thrill of trying something new and daring,E,1
Excitement-seeking,Crave new experiences and thrive on spontaneity,E,1
Excitement-seeking,Find thrill in spontaneous adventures or unexpected events,E,1
Excitement-seeking,Thrive in lively environments filled with energy and enthusiasm,E,1
Excitement-seeking,Always ready for a new adventure,E,1
Excitement-seeking,Jump into thrilling experiences with unbridled enthusiasm,E,1
Excitement-seeking,Love diving headfirst into the unknown,E,1
Excitement-seeking,Find joy in taking risks and pushing the limits,E,1
Excitement-seeking,Often find myself seeking thrilling and adventurous experiences,E,1
Excitement-seeking,Find yourself drawn to lively and energetic environments,E,1
Excitement-seeking,Always looking for the next adventure or thrill,E,1
Excitement-seeking,Thrive in thrilling environments,E,1
Excitement-seeking,Thrive on thrilling experiences and new challenges,E,1
Excitement-seeking,Find myself bursting with enthusiasm over spontaneous adventures,E,1
Excitement-seeking,Are drawn to thrilling adventures,E,1
Excitement-seeking,Crave thrilling adventures to break the routine,E,1
Excitement-seeking,Chasing thrills is my passion,E,1
Excitement-seeking,Love diving into thrilling experiences that get your heart racing,E,1
Excitement-seeking,Crave new experiences that make your heart race,E,1
Excitement-seeking,Feel a rush of joy when trying something new and adventurous,E,1
Excitement-seeking,Thrive in adventurous environments,E,1
Excitement-seeking,Feel a rush of adrenaline at the thought of trying something new and adventurous,E,1
Excitement-seeking,Thrive in the face of thrilling challenges,E,1
Excitement-seeking,Feel an adrenaline rush when trying something daring,E,1
Excitement-seeking,Seek out thrilling activities just for the rush,E,1
Excitement-seeking,Crave thrilling adventures that set your heart racing,E,1
Excitement-seeking,Crave thrilling experiences that get your heart racing,E,1
Excitement-seeking,Dive headfirst into thrilling adventures,E,1
Excitement-seeking,Crave the thrill of new and intense experiences,E,1
Excitement-seeking,Feel a rush of energy when surrounded by lively activity,E,1
Excitement-seeking,Love the thrill of taking bold risks,E,1
Excitement-seeking,Crave thrilling experiences and adventures that set your heart racing,E,1
Excitement-seeking,Chase thrills and adrenaline rushes,E,1
Excitement-seeking,Thrill at the thought of trying something daring and new,E,1
Excitement-seeking,Love the thrill of diving into the unknown,E,1
Excitement-seeking,Feel thrilled by adventurous experiences,E,1
Excitement-seeking,Always up for a thrill,E,1
Excitement-seeking,Feel a rush of exhilaration when trying something new,E,1
Excitement-seeking,Dive headfirst into new adventures,E,1
Excitement-seeking,Crave thrill and spontaneity,E,1
Excitement-seeking,Live for the thrill of the unknown,E,1
Excitement-seeking,Get so happy or energetic that you are almost giddy,E,1
Excitement-seeking,Feel alive when taking risks,E,1
Excitement-seeking,Thrive on adventure and thrills,E,1
Extraversion,Feel energized in large groups,E,1
Extraversion,Enjoy being the center of attention,E,1
Extraversion,Speak before thinking,E,1
Extraversion,Feel comfortable meeting new people,E,1
Extraversion,Like to take charge in social settings,E,1
Extraversion,Easily start conversations with strangers,E,1
Extraversion,Prefer being around people rather than alone,E,1
Extraversion,Feel drained after spending time alone,E,1
Extraversion,Enjoy hosting parties and events,E,1
Extraversion,Eagerly introduce yourself in social situations,E,1
Extraversion,Love sharing stories and experiences with others,E,1
Extraversion,Are quick to volunteer in group activities,E,1
Extraversion,Feel at ease in unfamiliar social environments,E,1
Extraversion,Have a wide circle of acquaintances,E,1
Extraversion,Feel restless when alone for too long,E,1
Extraversion,Often engage in spontaneous social outings,E,1
Extraversion,Enjoy lively debate and discussion,E,1
Extraversion,Feel comfortable speaking in public,E,1
Extraversion,Rarely feel shy in social gatherings,E,1
Extraversion,Are known for your lively and energetic nature,E,1
Extraversion,Feel alive in bustling and busy environments,E,1
Extraversion,Seek out social interactions whenever possible,E,1
Extraversion,Enjoy making new friends frequently,E,1
Extraversion,Feel at ease in the spotlight,E,1
Extraversion,Love to entertain others with jokes and stories,E,1
Extraversion,Prefer to talk rather than listen in conversations,E,1
Extraversion,Feel most productive in collaborative environments,E,1
Extraversion,Enjoy being part of team activities,E,1
Extraversion,Often lead group discussions and projects,E,1
Extraversion,Feel invigorated by lively and noisy places,E,1
Extraversion,Love to be surrounded by people most of the time,E,1
Extraversion,Eagerly participate in community events,E,1
Extraversion,Feel at home in crowded and bustling areas,E,1
Extraversion,Enjoy meeting people with diverse backgrounds,E,1
Extraversion,Feel energized by lively social gatherings,E,1
Extraversion,Love attending concerts and festivals,E,1
Extraversion,Feel uncomfortable in prolonged solitude,E,-1
Extraversion,Seek out social engagement to recharge,E,1
Extraversion,Often find yourself the life of the party,E,1
Extraversion,Feel drawn to crowded spaces and events,E,1
Extraversion,Enjoy initiating group activities and plans,E,1
Extraversion,Feel invigorated by interacting with others,E,1
Extraversion,Are enthusiastic about networking opportunities,E,1
Extraversion,Find quiet environments unstimulating,E,-1
Extraversion,Feel most alive in the company of others,E,1
Extraversion,Seek out vibrant social atmospheres,E,1
Extraversion,Enjoy being part of lively discussions,E,1
Extraversion,Feel energized by socializing with different people,E,1
Extraversion,Prefer group outings over solitary activities,E,1
Extraversion,Feel at ease in a room full of strangers,E,1
Extraversion,Love attending social mixers and gatherings,E,1
Extraversion,Feel restless in quiet and secluded places,E,-1
Extraversion,Relish the opportunity to meet new people,E,1
Extraversion,Feel inspired by the presence of others,E,1
Extraversion,Enjoy being in the thick of social action,E,1
Extraversion,Love sharing your thoughts and opinions openly,E,1
Extraversion,Feel energized by dynamic and interactive settings,E,1
Extraversion,Prefer lively environments over quiet ones,E,1
Extraversion,Feel comfortable in large social settings,E,1
Extraversion,Enjoy engaging with people from all walks of life,E,1
Extraversion,Feel at ease introducing yourself to strangers,E,1
Extraversion,Love participating in group games and activities,E,1
Extraversion,Feel stimulated by the presence of a crowd,E,1
Extraversion,Enjoy socializing with diverse groups of people,E,1
Extraversion,Feel invigorated by attending social functions,E,1
Extraversion,Love to share your experiences with others,E,1
Extraversion,Feel recharged after spending time in a crowd,E,1
Extraversion,Enjoy being a part of bustling and lively places,E,1
Extraversion,Feel enlivened by social interactions,E,1
Extraversion,Love being surrounded by the buzz of activity,E,1
Extraversion,Enjoy engaging in spontaneous adventures with friends,E,1
Extraversion,Feel at ease mingling in large social gatherings,E,1
Extraversion,Love to connect with people on a personal level,E,1
Extraversion,Feel alive in vibrant and dynamic environments,E,1
Extraversion,Enjoy being involved in community activities,E,1
Extraversion,Feel energized by being part of social events,E,1
Extraversion,Love engaging in lively conversations,E,1
Extraversion,Feel at home in bustling and active settings,E,1
Extraversion,Enjoy interacting with people and learning about them,E,1
Extraversion,Feel comfortable in large and diverse groups,E,1
Extraversion,Love exploring new social circles and communities,E,1
Extraversion,Feel stimulated by the energy of others,E,1
Extraversion,Enjoy being active in social networks,E,1
Extraversion,Feel invigorated by participating in group activities,E,1
Extraversion,Love the thrill of meeting new people,E,1
Extraversion,Feel at ease in crowded and lively places,E,1
Extraversion,Enjoy sharing your enthusiasm with others,E,1
Extraversion,Feel recharged by connecting with people,E,1
Extraversion,Love attending social events and gatherings,E,1
Extraversion,Feel inspired by being around others,E,1
Extraversion,Enjoy taking on leadership roles in group settings,E,1
Extraversion,Feel energized by the company of friends,E,1
Extraversion,Love being part of interactive and engaging environments,E,1
Extraversion,Feel comfortable being the focus of attention,E,1
Extraversion,Enjoy making new acquaintances regularly,E,1
Extraversion,Feel enlivened by group dynamics and interactions,E,1
Extraversion,Love participating in team sports and group activities,E,1
Extraversion,Feel at ease in vibrant and energetic surroundings,E,1
Extraversion,Enjoy being part of a lively and active community,E,1
Extraversion,Feel invigorated by exploring new social settings,E,1
Extraversion,Love sharing your ideas and insights with others,E,1
Extraversion,Feel stimulated by the presence of many people,E,1
Extraversion,Enjoy engaging in spirited discussions,E,1
Extraversion,Feel recharged by the energy of crowds,E,1
Extraversion,Love being involved in social and community events,E,1
Extraversion,Feel comfortable in dynamic and bustling environments,E,1
Extraversion,Enjoy meeting people from various backgrounds,E,1
Extraversion,Feel alive in the company of others,E,1
Extraversion,Love participating in lively group discussions,E,1
Extraversion,Feel energized by socializing with friends and family,E,1
Extraversion,Enjoy being in the midst of social activity,E,1
Extraversion,Feel invigorated by attending lively events,E,1
Extraversion,Love being surrounded by people and conversation,E,1
Extraversion,Feel inspired by the energy of social gatherings,E,1
Extraversion,Enjoy being part of a vibrant social scene,E,1
Extraversion,Feel comfortable taking the lead in social situations,E,1
Extraversion,Love being involved in collaborative projects,E,1
Extraversion,Feel enlivened by engaging with diverse groups,E,1
Extraversion,Enjoy the excitement of meeting new people,E,1
Extraversion,Feel at ease in interactive and social settings,E,1
Extraversion,Love being part of bustling and lively communities,E,1
Extraversion,Feel stimulated by dynamic and engaging environments,E,1
Extraversion,Enjoy participating in social and cultural events,E,1
Extraversion,Feel recharged by the presence of others,E,1
Extraversion,Love being in the heart of social interaction,E,1
Extraversion,Feel invigorated by connecting with new people,E,1
Extraversion,Enjoy being part of energetic and enthusiastic groups,E,1
Extraversion,Feel alive in the hustle and bustle of activity,E,1
Extraversion,Love sharing your passions with a wide audience,E,1
Extraversion,Feel comfortable in crowded and animated places,E,1
Extraversion,Enjoy being a social butterfly in various settings,E,1
Extraversion,Feel energized by mingling with diverse people,E,1
Extraversion,Love being part of lively and spirited gatherings,E,1
Extraversion,Feel inspired by engaging with others,E,1
Extraversion,Enjoy being active in social circles and networks,E,1
Extraversion,Feel at home in vibrant and stimulating environments,E,1
Extraversion,Love participating in interactive and group activities,E,1
Extraversion,Feel invigorated by the presence of friends,E,1
Extraversion,Enjoy being involved in exciting social events,E,1
Extraversion,Feel recharged by the buzz of social environments,E,1
Extraversion,Love being surrounded by lively conversations,E,1
Extraversion,Feel energized by sharing experiences with others,E,1
Extraversion,Enjoy being part of a dynamic and active community,E,1
Extraversion,Feel comfortable engaging with large groups,E,1
Extraversion,Love meeting new people and forming connections,E,1
Extraversion,Feel enlivened by the energy of bustling places,E,1
Extraversion,Enjoy being in the midst of social interaction,E,1
Extraversion,Feel invigorated by attending lively social events,E,1
Extraversion,Love being surrounded by the energy of crowds,E,1
Extraversion,Feel inspired by the diversity of social gatherings,E,1
Extraversion,Enjoy being part of a vibrant and engaging atmosphere,E,1
Extraversion,Feel at ease being the center of social activities,E,1
Extraversion,Love being involved in group projects and discussions,E,1
Extraversion,Feel stimulated by the presence of various people,E,1
Extraversion,Enjoy being active in social and community networks,E,1
Extraversion,Feel recharged by the energy of others around you,E,1
Extraversion,Love being in the heart of social gatherings,E,1
Extraversion,Feel invigorated by the excitement of meeting new people,E,1
Extraversion,Enjoy being part of lively and interactive environments,E,1
Extraversion,Feel alive in the company of diverse groups,E,1
Extraversion,Love sharing your experiences with a wide range of people,E,1
Extraversion,Feel comfortable in dynamic and bustling settings,E,1
Extraversion,Enjoy being a social catalyst in various situations,E,1
Extraversion,Feel energized by engaging with different individuals,E,1
Extraversion,Love being part of spirited and lively discussions,E,1
Extraversion,Feel inspired by the vibrant energy of others,E,1
Extraversion,Enjoy being active in social and cultural environments,E,1
Extraversion,Feel at home in exciting and dynamic atmospheres,E,1
Extraversion,Love participating in collaborative and group activities,E,1
Extraversion,Feel invigorated by the presence of new acquaintances,E,1
Extraversion,Enjoy being involved in thrilling social events,E,1
Extraversion,Feel recharged by the buzz of lively gatherings,E,1
Extraversion,Love being surrounded by animated conversations,E,1
Extraversion,Feel energized by connecting with others,E,1
Extraversion,Enjoy being part of a dynamic and engaging community,E,1
Extraversion,Feel comfortable interacting with diverse groups,E,1
Extraversion,Love meeting new people and expanding your social circle,E,1
Extraversion,Feel enlivened by the vibrancy of bustling environments,E,1
Extraversion,Enjoy being in the heart of social action and interaction,E,1
Extraversion,Feel invigorated by the excitement of gatherings,E,1
Extraversion,Love being surrounded by the energy of social settings,E,1
Extraversion,Feel inspired by the diversity of people and ideas,E,1
Extraversion,Enjoy being part of a vibrant and active social scene,E,1
Extraversion,Feel at ease being the center of attention in groups,E,1
Extraversion,Love being involved in engaging and interactive discussions,E,1
Extraversion,Feel stimulated by the presence of lively individuals,E,1
Extraversion,Enjoy being active in various social circles and communities,E,1
Extraversion,Feel recharged by the dynamic energy of others,E,1
Extraversion,Love being in the midst of social buzz and activity,E,1
Extraversion,Feel invigorated by the thrill of meeting new people,E,1
Extraversion,Enjoy being part of lively and spirited environments,E,1
Extraversion,Feel alive in the company of engaging conversations,E,1
Extraversion,Love sharing your ideas with a wide audience,E,1
Extraversion,Feel comfortable in bustling and energetic places,E,1
Extraversion,Enjoy being a social initiator in different settings,E,1
Extraversion,Feel energized by interacting with a variety of people,E,1
Extraversion,Love being part of dynamic and lively discussions,E,1
Extraversion,Feel inspired by the enthusiasm of social gatherings,E,1
Extraversion,Enjoy being active in social and cultural networks,E,1
Extraversion,Feel at home in vibrant and exciting environments,E,1
Extraversion,Love participating in collaborative and fun activities,E,1
Extraversion,Feel invigorated by the presence of engaging individuals,E,1
Extraversion,Enjoy being involved in exhilarating social events,E,1
Extraversion,Feel recharged by the lively atmosphere of gatherings,E,1
Extraversion,Love being surrounded by energetic conversations,E,1
Extraversion,Feel energized by the presence of others,E,1
Extraversion,Enjoy being part of a dynamic and interactive community,E,1
Extraversion,Feel comfortable mingling with diverse groups,E,1
Extraversion,Love meeting new people and exploring new social circles,E,1
Extraversion,Feel enlivened by the energy of vibrant environments,E,1
Extraversion,Enjoy being in the heart of social interactions and exchanges,E,1
Extraversion,Feel invigorated by the excitement of social events,E,1
Extraversion,Love being surrounded by the buzz of active social settings,E,1
Extraversion,Feel inspired by the diversity and vibrancy of gatherings,E,1
Extraversion,Enjoy being part of a lively and engaging social atmosphere,E,1
Extraversion,Feel at ease being the center of social interactions,E,1
Extraversion,Love being involved in interactive and group discussions,E,1
Extraversion,Feel stimulated by the presence of enthusiastic individuals,E,1
Extraversion,Enjoy being active in various social and community settings,E,1
Extraversion,Feel recharged by the dynamic energy of social gatherings,E,1
Extraversion,Love being in the midst of lively and animated conversations,E,1
Extraversion,Feel invigorated by the thrill of social engagement,E,1
Extraversion,Enjoy being part of spirited and lively environments,E,1
Extraversion,Feel alive in the company of diverse and engaging people,E,1
Extraversion,Love sharing your thoughts with a wide range of individuals,E,1
Extraversion,Feel comfortable in bustling and vibrant places,E,1
Extraversion,Enjoy being a social connector in different groups,E,1
Extraversion,Feel energized by engaging with a variety of personalities,E,1
Extraversion,Love being part of dynamic and engaging discussions,E,1
Extraversion,Feel inspired by the enthusiasm and energy of gatherings,E,1
Extraversion,Prefer to keep opinions to myself,E,-1
Extraversion,Feel at home in vibrant and dynamic settings,E,1
Extraversion,Love participating in collaborative and enjoyable activities,E,1
Extraversion,Feel invigorated by the presence of new and exciting people,E,1
Extraversion,Enjoy being involved in thrilling and lively events,E,1
Extraversion,Feel recharged by the buzz of social excitement,E,1
Extraversion,Love being surrounded by animated and lively conversations,E,1
Extraversion,Feel energized by the presence and interaction with others,E,1
Extraversion,Enjoy being part of a dynamic and active social community,E,1
Extraversion,Feel comfortable engaging with diverse and varied groups,E,1
Extraversion,Love meeting new people and forming new connections,E,1
Extraversion,Feel enlivened by the vibrancy and energy of bustling environments,E,1
Extraversion,Enjoy being in the heart of social action and engagement,E,1
Extraversion,Feel invigorated by the excitement and buzz of gatherings,E,1
Extraversion,Love being surrounded by the energy and enthusiasm of social settings,E,1
Extraversion,Feel inspired by the diversity and dynamism of people and ideas,E,1
Extraversion,Enjoy being part of a lively and active social scene,E,1
Extraversion,Feel at ease being the center of attention in social settings,E,1
Extraversion,Prefer to stay in the background,E,-1
Extraversion,Feel stimulated by the presence of lively and enthusiastic individuals,E,1
Extraversion,Prefer solitude over social gatherings,E,-1
Extraversion,Feel recharged by the dynamic energy of social interactions,E,1
Extraversion,Prefer to stay in the background during social events,E,-1
Extraversion,Feel invigorated by the thrill of meeting and engaging with new people,E,1
Extraversion,Enjoy being part of lively and spirited social environments,E,1
Extraversion,Feel alive in the company of engaging and dynamic conversations,E,1
Extraversion,Love sharing your ideas and experiences with a wide audience,E,1
Extraversion,Feel comfortable in bustling and energetic social settings,E,1
Extraversion,Enjoy being a social catalyst in different social scenarios,E,1
Extraversion,Feel energized by interacting with a variety of people and personalities,E,1
Extraversion,Love being part of dynamic and lively discussions and exchanges,E,1
Extraversion,Feel inspired by the enthusiasm and energy of social gatherings,E,1
Extraversion,Enjoy being active in social and cultural networks and environments,E,1
Extraversion,Feel at home in vibrant and exciting social settings,E,1
Extraversion,Love participating in collaborative and fun social activities,E,1
Extraversion,Feel invigorated by the presence and engagement of others,E,1
Extraversion,Enjoy being involved in exhilarating and lively social events,E,1
Extraversion,Feel recharged by the lively atmosphere of social gatherings,E,1
Extraversion,Love being surrounded by energetic and animated conversations,E,1
Extraversion,Feel energized by the presence and interaction with a variety of people,E,1
Extraversion,Enjoy being part of a dynamic and interactive social community,E,1
Extraversion,Feel comfortable mingling with diverse and varied groups of people,E,1
Extraversion,Love meeting new people and exploring new social circles and connections,E,1
Extraversion,Feel enlivened by the energy and vibrancy of bustling social environments,E,1
Extraversion,Prefer to spend time alone rather than in groups,E,-1
Extraversion,Feel invigorated by the excitement and buzz of social events,E,1
Extraversion,Love being surrounded by the energy and enthusiasm of active social settings,E,1
Extraversion,Feel inspired by the diversity and dynamism of people and ideas in gatherings,E,1
Extraversion,Prefer to spend time alone rather than with a group,E,-1
Extraversion,Feel at ease being the center of social interactions and activities,E,1
Extraversion,Love being involved in interactive and group discussions and exchanges,E,1
Extraversion,Find it challenging to start conversations,E,-1
Extraversion,Prefer solitary activities over social gatherings,E,-1
Extraversion,Feel recharged by the dynamic energy of social gatherings and interactions,E,1
Extraversion,Love being in the midst of lively and animated social conversations,E,1
Extraversion,Feel invigorated by the thrill of social engagement and interaction,E,1
Extraversion,Enjoy being part of spirited and lively social environments,E,1
Extraversion,Feel alive in the company of diverse and engaging social conversations,E,1
Extraversion,Love sharing your thoughts and ideas with a wide range of individuals,E,1
Extraversion,Feel comfortable in bustling and vibrant social places,E,1
Extraversion,Enjoy being a social connector in different groups and communities,E,1
Extraversion,Feel energized by engaging with a variety of personalities and individuals,E,1
Extraversion,Love being part of dynamic and engaging discussions and conversations,E,1
Extraversion,Tend to avoid social gatherings and prefer solitude,E,-1
Extraversion,Enjoy being active in social and cultural environments and networks,E,1
Extraversion,Feel at home in vibrant and dynamic social settings,E,1
Extraversion,Love participating in collaborative and enjoyable social activities,E,1
Extraversion,Feel comfortable in social settings,E,1
Extraversion,Enjoy being involved in thrilling and lively social events,E,1
Extraversion,Feel recharged by the buzz of social excitement and interaction,E,1
Extraversion,Love being surrounded by animated and lively social conversations,E,1
Extraversion,Prefer to keep your opinions to yourself in group settings,E,-1
Extraversion,Tend to keep to yourself in social settings,E,-1
Extraversion,Feel comfortable engaging with diverse and varied groups of people,E,1
Extraversion,Love meeting new people and forming new social connections,E,1
Extraversion,Feel enlivened by the vibrancy and energy of bustling social environments,E,1
Extraversion,Keep to yourself in social situations,E,-1
Extraversion,Feel uncomfortable being the center of attention,E,-1
Extraversion,Avoid large gatherings,E,-1
Extraversion,Shy away from social gatherings,E,-1
Extraversion,Feel uneasy in social gatherings,E,-1
Extraversion,Tend to avoid social gatherings,E,-1
Extraversion,Prefer solitude to social gatherings,E,-1
Extraversion,Feel uncomfortable in social gatherings,E,-1
Extraversion,Feel comfortable around people,E,1
Extraversion,Prefer to stay out of the spotlight,E,-1
Extraversion,Prefer to stay quiet in social gatherings,E,-1
Extraversion,Prefer to spend most of your time alone,E,-1
Extraversion,Prefer to listen rather than speak,E,-1
Extraversion,Feel uncomfortable around strangers,E,-1
Extraversion,Prefer staying in the background during discussions,E,-1
Extraversion,Prefer to stay quiet in social settings,E,-1
Extraversion,Prefer to observe rather than participate,E,-1
Extraversion,Find it difficult to approach new people,E,-1
Extraversion,Tend to keep your thoughts to yourself,E,-1
Extraversion,Tend to feel uncomfortable in large social gatherings,E,-1
Extraversion,Avoid drawing attention,E,-1
Extraversion,Find it challenging to initiate conversations with strangers,E,-1
Extraversion,Prefer to keep to myself in social gatherings,E,-1
Extraversion,Prefer to keep your thoughts to yourself,E,-1
Extraversion,Prefer to keep thoughts to myself,E,-1
Extraversion,Feel uncomfortable in large social gatherings,E,-1
Extraversion,Prefer to keep my thoughts to myself,E,-1
Extraversion,Avoid drawing attention to yourself,E,-1
Extraversion,Prefer to stay in the background during social gatherings,E,-1
Extraversion,Prefer to keep to myself in social settings,E,-1
Extraversion,Feel drained after social interactions,E,-1
Extraversion,Tend to avoid large gatherings,E,-1
Extraversion,Feel uneasy in a crowd of unfamiliar people,E,-1
Extraversion,Prefer to keep to myself in social situations,E,-1
Extraversion,Tend to keep thoughts to yourself,E,-1
Extraversion,Prefer to spend time alone rather than in social gatherings,E,-1
Extraversion,Tend to stay in the background during social gatherings,E,-1
Extraversion,Find it challenging to strike up conversations with strangers,E,-1
Extraversion,Feel uncomfortable in social situations,E,-1
Extraversion,Prefer listening over speaking in group settings,E,-1
Extraversion,Prefer to spend time alone,E,-1
Extraversion,Feel comfortable in large groups,E,1
Extraversion,Prefer to keep interactions with others to a minimum,E,-1
Extraversion,Prefer solitary activities,E,-1
Extraversion,Prefer staying in the background during social events,E,-1
Extraversion,Prefer staying out of the limelight,E,-1
Extraversion,Often feel uncomfortable in social gatherings,E,-1
Extraversion,Prefer listening over speaking,E,-1
Extraversion,Feel comfortable in large gatherings,E,1
Extraversion,Take charge in social settings,E,1
Extraversion,Feel energized by interacting with others,E,1
Extraversion,Enjoy being the center of attention,E,1
Extraversion,Thrive in busy lively environments,E,1
Extraversion,Start conversations with strangers,E,1
Extraversion,Feel at ease in large groups,E,1
Extraversion,Confidently express my opinions in public,E,1
Extraversion,Love attending social gatherings,E,1
Extraversion,Easily engage with new acquaintances,E,1
Extraversion,Always ready to meet new people,E,1
Extraversion,Quickly adapt to social situations,E,1
Extraversion,Enjoy being part of a crowd,E,1
Extraversion,Feel motivated by group activities,E,1
Extraversion,Always have something to say in discussions,E,1
Extraversion,Love collaborating with others,E,1
Extraversion,Eagerly participate in community events,E,1
Extraversion,Feel alive when socializing,E,1
Extraversion,Naturally take on leadership roles,E,1
Extraversion,Feel connected in bustling places,E,1
Extraversion,Share my thoughts openly with others,E,1
Extraversion,Enjoy hosting parties and events,E,1
Extraversion,Seek out social interactions,E,1
Extraversion,Feel comfortable in unfamiliar social settings,E,1
Extraversion,Enjoy making others laugh,E,1
Extraversion,Find joy in meeting diverse people,E,1
Extraversion,Feel confident in social engagements,E,1
Extraversion,Engage actively in group conversations,E,1
Extraversion,Feel invigorated by social experiences,E,1
Extraversion,Love being a part of a team,E,1
Extraversion,Feel at home in crowded places,E,1
Extraversion,Enjoy networking with new people,E,1
Extraversion,Feel at ease in social gatherings,E,1
Extraversion,Build rapport quickly with others,E,1
Extraversion,Enjoy participating in group activities,E,1
Extraversion,Feel fulfilled through social connections,E,1
Extraversion,Comfortably introduce myself to new people,E,1
Extraversion,Engage enthusiastically in social events,E,1
Extraversion,Feel inspired by social interactions,E,1
Extraversion,Easily connect with others,E,1
Extraversion,Be the life of the party,E,1
Extraversion,Feel energized by being around others,E,1
Extraversion,Enjoy being involved in social circles,E,1
Extraversion,Feel at home in high-energy environments,E,1
Extraversion,Readily join social clubs and groups,E,1
Extraversion,Feel excited to meet new faces,E,1
Extraversion,Naturally make people feel welcome,E,1
Extraversion,Eager to share experiences with others,E,1
Extraversion,Enjoy being part of lively discussions,E,1
Extraversion,Feel a sense of belonging in social settings,E,1
Extraversion,Embrace new social opportunities,E,1
Extraversion,Feel comfortable making small talk,E,1
Extraversion,Be enthusiastic in social gatherings,E,1
Extraversion,Engage easily with diverse groups,E,1
Extraversion,Feel stimulated by group dynamics,E,1
Extraversion,Enjoy bringing people together,E,1
Extraversion,Feel confident in public speaking,E,1
Extraversion,Enjoy joining community groups,E,1
Extraversion,Feel relaxed in bustling environments,E,1
Extraversion,Feel animated in social situations,E,1
Extraversion,Engage naturally in social interactions,E,1
Extraversion,Feel excited by the prospect of meeting new people,E,1
Extraversion,Feel connected in vibrant settings,E,1
Extraversion,Feel at ease sharing personal stories,E,1
Extraversion,Love participating in social events,E,1
Extraversion,Feel enthusiastic in group activities,E,1
Extraversion,Enjoy leading group projects,E,1
Extraversion,Feel at home in social circles,E,1
Extraversion,Feel inspired by meeting new people,E,1
Extraversion,Feel comfortable in networking events,E,1
Extraversion,Feel at ease in diverse social groups,E,1
Extraversion,Feel alive in vibrant atmospheres,E,1
Extraversion,Enjoy being a part of conversations,E,1
Extraversion,Feel driven by social engagement,E,1
Extraversion,Feel confident in making new friends,E,1
Extraversion,Feel motivated by social interaction,E,1
Extraversion,Enjoy sharing experiences with others,E,1
Extraversion,Feel at home in festive environments,E,1
Extraversion,Feel comfortable in bustling spaces,E,1
Extraversion,Feel at ease in large social gatherings,E,1
Extraversion,Feel empowered by social dynamics,E,1
Extraversion,Feel confident meeting new people,E,1
Extraversion,Feel inspired in social contexts,E,1
Extraversion,Enjoy being surrounded by people,E,1
Extraversion,Feel at ease in energetic environments,E,1
Extraversion,Feel confident in leading discussions,E,1
Extraversion,Feel comfortable in diverse social settings,E,1
Extraversion,Feel alive in social gatherings,E,1
Extraversion,Feel at home in lively groups,E,1
Extraversion,Feel invigorated by social activities,E,1
Extraversion,Enjoy being the center of attention at gatherings,E,1
Extraversion,Feel excited to engage with others,E,1
Extraversion,Feel at home in social interactions,E,1
Extraversion,Enjoy being part of energetic discussions,E,1
Extraversion,Feel comfortable in social circles,E,1
Extraversion,Feel inspired by group activities,E,1
Extraversion,Feel at ease interacting with others,E,1
Extraversion,Feel motivated by social experiences,E,1
Extraversion,Feel comfortable in public settings,E,1
Extraversion,Feel energized by group dynamics,E,1
Extraversion,Enjoy being part of the social scene,E,1
Extraversion,Feel alive in group settings,E,1
Extraversion,Feel at ease in social environments,E,1
Extraversion,Feel connected in vibrant social settings,E,1
Extraversion,Enjoy engaging in lively conversations,E,1
Extraversion,Feel invigorated by social interactions,E,1
Extraversion,Feel confident engaging with diverse groups,E,1
Extraversion,Feel motivated by social dynamics,E,1
Extraversion,Find it easy to start conversations with strangers,E,1
Extraversion,Feel at ease in large gatherings,E,1
Extraversion,Feel comfortable in social environments,E,1
Extraversion,Feel engaged in social activities,E,1
Extraversion,Feel enthusiastic in group settings,E,1
Extraversion,Feel alive in social interactions,E,1
Extraversion,Feel at home in group dynamics,E,1
Extraversion,Feel motivated by social engagement,E,1
Extraversion,Feel confident leading social events,E,1
Extraversion,Feel at ease in lively settings,E,1
Extraversion,Feel comfortable in diverse environments,E,1
Extraversion,Feel engaged in group discussions,E,1
Extraversion,Feel inspired by vibrant social settings,E,1
Extraversion,Feel comfortable in vibrant environments,E,1
Extraversion,Feel comfortable around people,E,1
Extraversion,Feel at ease in public gatherings,E,1
Extraversion,Feel excited to meet diverse people,E,1
Extraversion,Feel at home in bustling environments,E,1
Extraversion,Feel connected in social interactions,E,1
Extraversion,Easily strike up conversations with strangers,E,1
Extraversion,Feel at ease in lively social settings,E,1
Extraversion,Feel engaged in social dynamics,E,1
Extraversion,Feel inspired by group discussions,E,1
Extraversion,Feel comfortable in vibrant social circles,E,1
Extraversion,Feel confident in social settings,E,1
Extraversion,Feel at home in energetic environments,E,1
Extraversion,Feel connected in group activities,E,1
Extraversion,Feel motivated by social interactions,E,1
Extraversion,Feel engaged in vibrant social settings,E,1
Extraversion,Feel alive in group dynamics,E,1
Extraversion,Feel comfortable in lively environments,E,1
Extraversion,Feel at ease in diverse social settings,E,1
Extraversion,Feel motivated by vibrant social experiences,E,1
Extraversion,Feel connected in social dynamics,E,1
Extraversion,Feel engaged in lively social interactions,E,1
Extraversion,Feel confident in group settings,E,1
Extraversion,Feel at home in vibrant discussions,E,1
Extraversion,Feel alive in social dynamics,E,1
Extraversion,Feel at ease in social experiences,E,1
Extraversion,Feel motivated by group settings,E,1
Extraversion,Feel excited by vibrant environments,E,1
Extraversion,Feel comfortable in energetic discussions,E,1
Extraversion,Feel engaged in social circles,E,1
Extraversion,Feel inspired by lively interactions,E,1
Extraversion,Feel at ease in vibrant places,E,1
Extraversion,Feel alive in diverse social settings,E,1
Extraversion,Feel motivated by energetic social experiences,E,1
Extraversion,Feel connected in group discussions,E,1
Extraversion,Feel confident in lively social settings,E,1
Extraversion,Feel engaged in vibrant group dynamics,E,1
Extraversion,Feel comfortable in diverse social environments,E,1
Extraversion,Feel alive in social circles,E,1
Extraversion,Feel motivated by lively environments,E,1
Extraversion,Feel at ease in group settings,E,1
Extraversion,Feel connected in vibrant social engagements,E,1
Extraversion,Feel engaged in energetic discussions,E,1
Extraversion,Feel inspired by diverse social dynamics,E,1
Extraversion,Feel comfortable in lively group settings,E,1
Extraversion,Feel alive in social experiences,E,1
Extraversion,Feel motivated by vibrant social interactions,E,1
Extraversion,Feel engaged in group environments,E,1
Extraversion,Feel confident in social dynamics,E,1
Extraversion,Feel at home in lively discussions,E,1
Extraversion,Feel alive in vibrant settings,E,1
Extraversion,Enjoy being in lively social gatherings,E,1
Extraversion,Feel inspired by energetic social interactions,E,1
Extraversion,Enjoy engaging in lively discussions with others,E,1
Extraversion,Feel at ease in vibrant social settings,E,1
Extraversion,Feel engaged in diverse social experiences,E,1
Extraversion,Feel connected in group dynamics,E,1
Extraversion,Feel confident in lively social circles,E,1
Extraversion,Feel alive in vibrant social experiences,E,1
Extraversion,Feel motivated by diverse social interactions,E,1
Extraversion,Feel at ease in energetic social settings,E,1
Extraversion,Feel comfortable in vibrant social environments,E,1
Extraversion,Feel engaged in lively social settings,E,1
Extraversion,Feel alive in diverse group dynamics,E,1
Extraversion,Feel motivated by vibrant social engagements,E,1
Extraversion,Feel connected in energetic discussions,E,1
Extraversion,Thrive in lively gatherings and enjoy meeting new people,E,1
Extraversion,Feel at home in vibrant social interactions,E,1
Extraversion,Feel alive in lively environments,E,1
Extraversion,Enjoy being the center of attention in social gatherings,E,1
Extraversion,Feel inspired by diverse social settings,E,1
Extraversion,Feel comfortable in group dynamics,E,1
Extraversion,Feel engaged in vibrant social experiences,E,1
Extraversion,Easily start conversations with strangers,E,1
Extraversion,Feel motivated by lively settings,E,1
Extraversion,Feel at ease in vibrant group dynamics,E,1
Extraversion,Feel connected in social environments,E,1
Extraversion,Feel confident in lively social experiences,E,1
Extraversion,Feel inspired by energetic discussions,E,1
Extraversion,Feel comfortable in vibrant social settings,E,1
Extraversion,Feel engaged in diverse social interactions,E,1
Extraversion,Feel alive in group environments,E,1
Extraversion,Feel energized in social gatherings,E,1
Extraversion,Feel at ease in lively social environments,E,1
Extraversion,Feel comfortable in social settings,E,1
Extraversion,Feel confident in energetic social settings,E,1
Extraversion,Feel inspired by diverse group dynamics,E,1
Extraversion,Feel comfortable in social interactions,E,1
Extraversion,Feel energized when engaging in lively conversations,E,1
Extraversion,Feel alive in energetic group experiences,E,1
Extraversion,Feel motivated by lively social dynamics,E,1
Extraversion,Feel at ease in diverse social environments,E,1
Extraversion,Feel connected in vibrant discussions,E,1
Extraversion,Feel inspired by social experiences,E,1
Extraversion,Feel comfortable in lively social interactions,E,1
Extraversion,Feel engaged in vibrant environments,E,1
Extraversion,Feel comfortable leading group discussions,E,1
Extraversion,Feel at ease around people,E,1
Extraversion,Feel at ease in group dynamics,E,1
Extraversion,Feel connected in vibrant social circles,E,1
Extraversion,Feel confident in lively discussions,E,1
Extraversion,Enjoy being the center of attention,E,1
Extraversion,Feel comfortable in energetic environments,E,1
Extraversion,Feel engaged in vibrant social dynamics,E,1
Extraversion,Thrive in social gatherings,E,1
Extraversion,Feel motivated by vibrant social discussions,E,1
Extraversion,Feel at ease in lively social experiences,E,1
Extraversion,Feel connected in diverse environments,E,1
Extraversion,Feel comfortable being the center of attention,E,1
Extraversion,Feel inspired by lively group dynamics,E,1
Extraversion,Feel comfortable in vibrant social experiences,E,1
Extraversion,Enjoy being the center of attention in social settings,E,1
Extraversion,Easily engage others in lively conversations,E,1
Extraversion,Enjoy engaging in social gatherings,E,1
Extraversion,Feel at ease in lively social interactions,E,1
Extraversion,Feel connected in vibrant environments,E,1
Extraversion,Feel confident in group discussions,E,1
Extraversion,Feel inspired by energetic social experiences,E,1
Extraversion,Feel comfortable leading group conversations,E,1
Extraversion,Feel engaged in lively group dynamics,E,1
Extraversion,Feel alive in vibrant social interactions,E,1
Extraversion,Feel motivated by social environments,E,1
Extraversion,Feel energized by social gatherings,E,1
Extraversion,Feel connected in lively discussions,E,1
Extraversion,Feel confident in group dynamics,E,1
Extraversion,Feel inspired by vibrant social experiences,E,1
Extraversion,Start conversations with new acquaintances easily,E,1
Extraversion,Feel engaged in diverse social environments,E,1
Extraversion,Feel alive in energetic social dynamics,E,1
Extraversion,Feel motivated by lively social interactions,E,1
Extraversion,Feel at ease in vibrant group settings,E,1
Extraversion,Feel connected in social discussions,E,1
Extraversion,Feel confident in lively environments,E,1
Extraversion,Feel comfortable leading a group,E,1
Extraversion,Feel comfortable in energetic group dynamics,E,1
Extraversion,Enjoy being the center of attention in a group,E,1
Extraversion,Feel alive in diverse social interactions,E,1
Extraversion,Feel motivated by group environments,E,1
Extraversion,Feel at ease in lively discussions,E,1
Extraversion,Feel connected in vibrant social experiences,E,1
Extraversion,Feel inspired by energetic environments,E,1
Extraversion,Enjoy being the center of attention in group settings,E,1
Extraversion,Feel comfortable introducing themselves in a room full of strangers,E,1
Extraversion,Feel alive in vibrant environments,E,1
Extraversion,Feel motivated by social settings,E,1
Extraversion,Feel at ease in diverse social experiences,E,1
Extraversion,Feel connected in lively group dynamics,E,1
Extraversion,Feel confident in energetic social interactions,E,1
Extraversion,Feel energized in a crowd and thrive in social gatherings,E,1
Extraversion,Feel comfortable in group environments,E,1
Extraversion,Feel engaged in social interactions,E,1
Extraversion,Find it easy to engage in lively conversations,E,1
Extraversion,Feel energized after social gatherings,E,1
Extraversion,Feel at ease in social dynamics,E,1
Extraversion,Feel connected in energetic social settings,E,1
Extraversion,Enjoy engaging in lively conversations with others,E,1
Extraversion,Feel inspired by lively social interactions,E,1
Extraversion,Feel energized when meeting new people,E,1
Extraversion,Feel engaged in diverse social dynamics,E,1
Extraversion,Feel motivated by energetic group settings,E,1
Extraversion,Feel comfortable in large groups,E,1
Extraversion,Feel connected in vibrant social environments,E,1
Extraversion,Feel confident in social interactions,E,1
Extraversion,Feel inspired by diverse environments,E,1
Extraversion,Enjoy meeting new people and socializing at events,E,1
Extraversion,Enjoy being in the spotlight,E,1
Extraversion,Feel alive in energetic environments,E,1
Extraversion,Feel motivated by social discussions,E,1
Extraversion,Feel at ease in lively group dynamics,E,1
Extraversion,Feel comfortable in social gatherings,E,1
Extraversion,Feel confident in diverse social interactions,E,1
Extraversion,Feel inspired by energetic group environments,E,1
Extraversion,Enjoy engaging in lively discussions,E,1
Extraversion,Feel engaged in lively environments,E,1
Extraversion,Feel alive in vibrant social dynamics,E,1
Extraversion,Feel motivated by group discussions,E,1
Extraversion,Feel at ease in energetic social experiences,E,1
Extraversion,Feel energized when interacting with others,E,1
Extraversion,Feel confident in lively social interactions,E,1
Extraversion,Feel inspired by vibrant settings,E,1
Extraversion,Feel comfortable in social dynamics,E,1
Extraversion,Feel engaged in energetic group settings,E,1
Extraversion,Feel alive in diverse social experiences,E,1
Extraversion,Feel motivated by vibrant environments,E,1
Extraversion,Comfortable leading group discussions,E,1
Extraversion,Feel connected in group environments,E,1
Extraversion,Feel inspired by energetic social dynamics,E,1
Extraversion,Feel engaged in diverse group experiences,E,1
Extraversion,Feel alive in lively social interactions,E,1
Extraversion,Feel comfortable leading social gatherings,E,1
Extraversion,Feel connected in energetic environments,E,1
Extraversion,Easily engage in lively conversations,E,1
Extraversion,Enjoy meeting new people and making new friends,E,1
Extraversion,Feel comfortable around strangers,E,1
Extraversion,Feel motivated by energetic social interactions,E,1
Extraversion,Feel energized when engaging with large groups of people,E,1
Extraversion,Feel confident in vibrant social environments,E,1
Extraversion,Feel inspired by diverse social experiences,E,1
Extraversion,Feel comfortable talking to strangers,E,1
Extraversion,Feel engaged in energetic group dynamics,E,1
Extraversion,Thrive in social gatherings and enjoy meeting new people,E,1
Extraversion,Feel motivated by group experiences,E,1
Extraversion,Feel comfortable leading group discussions,E,1
Extraversion,Feel at ease around strangers,E,1
Extraversion,Feel confident in lively group discussions,E,1
Extraversion,Feel inspired by vibrant environments,E,1
Extraversion,Feel comfortable in diverse social interactions,E,1
Extraversion,Feel engaged in energetic settings,E,1
Extraversion,Enjoy attending social gatherings,E,1
Extraversion,Easily engage others in conversation,E,1
Extraversion,Feel at ease in lively environments,E,1
Extraversion,Enjoy starting conversations with new people,E,1
Extraversion,Feel confident in vibrant social settings,E,1
Extraversion,Effortlessly engage in lively conversations,E,1
Extraversion,Feel comfortable in social experiences,E,1
Extraversion,Feel engaged in lively discussions,E,1
Extraversion,Enjoy engaging in conversations with new acquaintances.,E,1
Extraversion,Feel comfortable introducing themselves to new people,E,1
Extraversion,Feel connected in social settings,E,1
Extraversion,Enjoy spending time in large groups,E,1
Extraversion,Engage enthusiastically in lively conversations,E,1
Extraversion,Feel comfortable in vibrant group experiences,E,1
Extraversion,Feel engaged in diverse social settings,E,1
Extraversion,Comfortable making new friends quickly,E,1
Extraversion,Feel at ease in vibrant group discussions,E,1
Extraversion,Feel connected in energetic social experiences,E,1
Friendliness,Enjoy meeting new people and making connections,E,1
Friendliness,Are often the one to start conversations,E,1
Friendliness,Feel energized by social interactions,E,1
Friendliness,Have a warm and approachable demeanor,E,1
Friendliness,Are known for being a good listener,E,1
Friendliness,Make others feel comfortable in your presence,E,1
Friendliness,Rarely shy away from social gatherings,E,1
Friendliness,Are quick to smile and make eye contact,E,1
Friendliness,Enjoy collaborating with others on projects,E,1
Friendliness,Find it easy to make new friends,E,1
Friendliness,Often the life of the party,E,1
Friendliness,Prefer group activities over solitary ones,E,1
Friendliness,Are open and expressive in your communication,E,1
Friendliness,Feel at ease in large crowds,E,1
Friendliness,Frequently initiate plans with friends,E,1
Friendliness,Have a knack for making others laugh,E,1
Friendliness,Are good at breaking the ice in new situations,E,1
Friendliness,Appreciate the company of others,E,1
Friendliness,Are often described as outgoing,E,1
Friendliness,Tend to be inclusive and welcoming,E,1
Friendliness,Find joy in helping others feel at ease,E,1
Friendliness,Enjoy sharing experiences with others,E,1
Friendliness,Have a cheerful disposition that attracts others,E,1
Friendliness,Are known for being generous with your time,E,1
Friendliness,Find fulfillment in building relationships,E,1
Friendliness,Are enthusiastic about meeting new people,E,1
Friendliness,Feel comfortable speaking in front of groups,E,1
Friendliness,Are skilled at reading social cues,E,1
Friendliness,Like to engage in deep conversations,E,1
Friendliness,Are often the first to greet newcomers,E,1
Friendliness,Have an infectious enthusiasm,E,1
Friendliness,Tend to remember small details about others,E,1
Friendliness,Are naturally curious about peoples stories,E,1
Friendliness,Enjoy being part of a team,E,1
Friendliness,Have a talent for making others feel important,E,1
Friendliness,Find it easy to empathize with others,E,1
Friendliness,Are often described as charming,E,1
Friendliness,Have a positive attitude that draws others in,E,1
Friendliness,Are not afraid to show vulnerability,E,-1
Friendliness,Are skilled at mediating conflicts,E,1
Friendliness,Are often the one to bring people together,E,1
Friendliness,Feel invigorated by social interactions,E,1
Friendliness,Enjoy hosting events and gatherings,E,1
Friendliness,Have an open and welcoming nature,E,1
Friendliness,Are known for being approachable,E,1
Friendliness,Find joy in making others happy,E,1
Friendliness,Are often sought out for advice,E,1
Friendliness,Have a natural charisma,E,1
Friendliness,Are a natural networker,E,1
Friendliness,Are good at remembering names and faces,E,1
Friendliness,Enjoy volunteering and community service,E,1
Friendliness,Are often the first to offer help,E,1
Friendliness,Feel at home in diverse groups,E,1
Friendliness,Are known for your hospitality,E,1
Friendliness,Value open communication,E,1
Friendliness,Are comfortable in leadership roles,E,1
Friendliness,Enjoy learning about different cultures,E,1
Friendliness,Are often described as a people person,E,1
Friendliness,Find satisfaction in helping others succeed,E,1
Friendliness,Are good at making people feel heard,E,1
Friendliness,Have a talent for storytelling,E,1
Friendliness,Are often the center of attention,E,1
Friendliness,Enjoy bringing people together for a cause,E,1
Friendliness,Feel energized by collaborative work,E,1
Friendliness,Are quick to make connections,E,1
Friendliness,Have a friendly and engaging presence,E,1
Friendliness,Are known for your reliability,C,1
Friendliness,Find it easy to express affection,E,1
Friendliness,Enjoy the company of others,E,1
Friendliness,Are often the peacekeeper in groups,E,1
Friendliness,Have a way of making people feel special,E,1
Friendliness,Are good at finding common ground,E,1
Friendliness,Enjoy discussing ideas with others,E,1
Friendliness,Are often the one to boost morale,E,1
Friendliness,Feel fulfilled by meaningful interactions,E,1
Friendliness,Have a reputation for being trustworthy,E,1
Friendliness,Are often the first to volunteer,E,1
Friendliness,Enjoy mentoring others,E,1
Friendliness,Are comfortable in diverse environments,E,1
Friendliness,Have a gift for making people laugh,E,1
Friendliness,Are often the glue that holds groups together,E,1
Friendliness,Enjoy cultural and social events,E,1
Friendliness,Have a natural ability to lead,E,1
Friendliness,Are known for your optimistic outlook,E,1
Friendliness,Find joy in supporting others,E,1
Friendliness,Are often described as warm-hearted,E,1
Friendliness,Feel comfortable in any social setting,E,1
Friendliness,Have a knack for making introductions,E,1
Friendliness,Enjoy being a positive influence,E,1
Friendliness,Are often sought out for your perspective,E,1
Friendliness,Have a genuine interest in others,E,1
Friendliness,Feel at ease in social situations,E,1
Friendliness,Are known for being considerate,E,1
Friendliness,Enjoy being the host of gatherings,E,1
Friendliness,Are good at making people feel included,E,1
Friendliness,Have a way of spreading positivity,E,1
Friendliness,Are often described as empathetic,E,1
Friendliness,Feel fulfilled by acts of kindness,E,1
Friendliness,Enjoy sharing knowledge with others,E,1
Friendliness,Are often the one to lift spirits,E,1
Friendliness,Have a friendly and open nature,E,1
Friendliness,Are good at maintaining relationships,E,1
Friendliness,Feel comfortable reaching out to others,E,1
Friendliness,Enjoy being part of a community,E,1
Friendliness,Are often the one to offer encouragement,E,1
Friendliness,Have a reputation for being supportive,E,1
Friendliness,Enjoy being around others,E,1
Friendliness,Are known for your sociable nature,E,1
Friendliness,Have a gift for connecting with others,E,1
Friendliness,Feel at ease in new environments,E,1
Friendliness,Enjoy learning from others,E,1
Friendliness,Are often the one to bring joy,E,1
Friendliness,Have a warm and inviting presence,E,1
Friendliness,Are good at finding humor in situations,E,1
Friendliness,Enjoy being a positive force,E,1
Friendliness,Have a reputation for being genuine,E,1
Friendliness,Feel comfortable in large groups,E,1
Friendliness,Are known for being open-minded,E,1
Friendliness,Enjoy being a team player,E,1
Friendliness,Are often described as approachable,E,1
Friendliness,Have a talent for making others feel welcome,E,1
Friendliness,Feel fulfilled by social connections,E,1
Friendliness,Enjoy sharing your experiences,E,1
Friendliness,Have a reputation for being kind-hearted,E,1
Friendliness,Are known for your positive energy,E,1
Friendliness,Enjoy helping others feel included,E,1
Friendliness,Feel energized by being around people,E,1
Friendliness,Have a friendly and outgoing nature,E,1
Friendliness,Are often the one to start a conversation,E,1
Friendliness,Enjoy being in the company of friends,E,1
Friendliness,Are known for your listening skills,E,1
Friendliness,Have a way of making others feel valued,E,1
Friendliness,Are often described as sociable,E,1
Friendliness,Feel comfortable engaging with strangers,E,1
Friendliness,Enjoy organizing social activities,E,1
Friendliness,Have a reputation for being compassionate,E,1
Friendliness,Are known for being a good conversationalist,E,1
Friendliness,Enjoy being surrounded by people,E,1
Friendliness,Have a natural ability to connect with others,E,1
Friendliness,Feel fulfilled by being helpful,E,1
Friendliness,Enjoy making others feel appreciated,E,1
Friendliness,Have a warm and friendly attitude,E,1
Friendliness,Prefer to keep to themselves,E,-1
Friendliness,Enjoy being part of a group,E,1
Friendliness,Are known for your empathy,E,1
Friendliness,Have a reputation for being approachable,E,1
Friendliness,Feel comfortable in social settings,E,1
Friendliness,Enjoy being a source of support,E,1
Friendliness,Have a friendly and engaging demeanor,E,1
Friendliness,Are often the one to offer a kind word,E,1
Friendliness,Enjoy sharing laughter with others,E,1
Friendliness,Have a natural ability to make friends,E,1
Friendliness,Feel fulfilled by meaningful connections,E,1
Friendliness,Enjoy being an active participant,E,1
Friendliness,Have a reputation for being outgoing,E,1
Friendliness,Are known for your warmth,E,1
Friendliness,Enjoy being a source of encouragement,E,1
Friendliness,Have a friendly and welcoming nature,E,1
Friendliness,Are often the one to reach out to others,E,1
Friendliness,Enjoy being around people,E,1
Friendliness,Have a natural gift for socializing,E,1
Friendliness,Feel comfortable in group settings,E,1
Friendliness,Enjoy being a positive presence,E,1
Friendliness,Are known for your kindness,E,1
Friendliness,Have a reputation for being cheerful,E,1
Friendliness,Feel fulfilled by helping others,E,1
Friendliness,Enjoy being part of a supportive community,E,1
Friendliness,Have a friendly and approachable demeanor,E,1
Friendliness,Are often the one to offer a smile,E,1
Friendliness,Enjoy being a source of positivity,E,1
Friendliness,Have a natural ability to engage with others,E,1
Friendliness,Feel comfortable in diverse social environments,E,1
Friendliness,Enjoy being a friendly face,E,1
Friendliness,Have a reputation for being welcoming,E,1
Friendliness,Are known for your social skills,E,1
Friendliness,Enjoy being around diverse groups of people,E,1
Friendliness,Have a friendly and open attitude,E,1
Friendliness,Are often the one to offer help,E,1
Friendliness,Enjoy being a source of light,E,1
Friendliness,Have a natural talent for connecting with others,E,1
Friendliness,Feel comfortable in social interactions,E,1
Friendliness,Enjoy being a friendly and supportive presence,E,1
Friendliness,Have a reputation for being amiable,E,1
Friendliness,Are known for your generosity,E,1
Friendliness,Enjoy being part of a lively group,E,1
Friendliness,Have a friendly and approachable nature,E,1
Friendliness,Are often the one to bring joy to others,E,1
Friendliness,Enjoy being a source of inspiration,E,1
Friendliness,Have a natural ability to relate to others,E,1
Friendliness,Feel comfortable in various social settings,E,1
Friendliness,Enjoy being a friendly and welcoming force,E,1
Friendliness,Prefer to avoid social interactions,E,-1
Friendliness,Are known for your enthusiasm,E,1
Friendliness,Enjoy being surrounded by friends,E,1
Friendliness,Have a friendly and inviting presence,E,1
Friendliness,Prefer to stay in my own company,E,-1
Friendliness,Tend to shy away from social interactions,E,-1
Friendliness,Have a natural gift for making others feel at ease,E,1
Friendliness,Feel comfortable engaging with various personalities,E,1
Friendliness,Enjoy being a friendly and positive presence,E,1
Friendliness,Prefer to spend time alone,E,-1
Friendliness,Are known for your good nature,E,1
Friendliness,Enjoy being part of a supportive network,E,1
Friendliness,Have a friendly and engaging attitude,E,1
Friendliness,Tend to avoid initiating conversations,E,-1
Friendliness,Enjoy being a source of joy,E,1
Friendliness,Have a natural ability to engage in conversation,E,1
Friendliness,Feel comfortable in different social scenarios,E,1
Friendliness,Enjoy being a friendly and engaging force,E,1
Friendliness,Have a reputation for being warm-hearted,E,1
Friendliness,Are known for your positive outlook,E,1
Friendliness,Tend to keep to myself in social situations,E,-1
Friendliness,Have a friendly and welcoming demeanor,E,1
Friendliness,Are often the one to make others feel good,E,1
Friendliness,Enjoy being a source of happiness,E,1
Friendliness,Have a natural talent for making connections,E,1
Friendliness,Feel comfortable in a variety of social settings,E,1
Friendliness,Tend to keep to themselves in social settings,E,-1
Friendliness,Have a reputation for being kind,E,1
Friendliness,Are known for your social nature,E,1
Friendliness,Enjoy being part of an inclusive community,E,1
Friendliness,Have a friendly and open disposition,E,1
Friendliness,Are often the one to uplift others,E,1
Friendliness,Avoid social gatherings,E,-1
Friendliness,Have a natural ability to relate to diverse individuals,E,1
Friendliness,Feel comfortable interacting with different groups,E,1
Friendliness,Enjoy being a friendly and positive influence,E,1
Friendliness,Tend to keep interactions brief and to the point,E,-1
Friendliness,Prefer to stay out of social gatherings,E,-1
Friendliness,Enjoy being around a variety of people,E,1
Friendliness,Prefer to be alone than in social gatherings,E,-1
Friendliness,Are often the one to offer support,E,1
Friendliness,Keep interactions brief and impersonal,E,-1
Friendliness,Have a natural gift for making others feel welcome,E,1
Friendliness,Feel comfortable in a range of social contexts,E,1
Friendliness,Enjoy being a friendly and welcoming presence,E,1
Friendliness,Feel uncomfortable in social gatherings,E,-1
Friendliness,Shy away from social interactions,E,-1
Friendliness,Enjoy being part of a lively social scene,E,1
Friendliness,Have a friendly and inviting demeanor,E,1
Friendliness,Are often the one to bring laughter,E,1
Friendliness,Shy away from engaging in conversations,E,-1
Friendliness,Have a natural talent for making people smile,E,1
Friendliness,Feel comfortable engaging with different personalities,E,1
Friendliness,Enjoy being a friendly and engaging presence,E,1
Friendliness,Tend to shy away from social gatherings,E,-1
Friendliness,Are known for your good humor,E,1
Friendliness,Enjoy being around diverse social groups,E,1
Friendliness,Have a friendly and open demeanor,E,1
Friendliness,Are often the one to offer a helping hand,E,1
Friendliness,Keep interactions to a minimum,E,-1
Friendliness,Have a natural ability to connect with different people,E,1
Friendliness,Feel comfortable in a variety of social interactions,E,1
Friendliness,Enjoy being a friendly and supportive influence,E,1
Friendliness,Shy away from social gatherings,E,-1
Friendliness,Keep to themselves most of the time,E,-1
Friendliness,Enjoy being around friends,E,1
Friendliness,Have a friendly and welcoming attitude,E,1
Friendliness,Are often the one to spread joy,E,1
Friendliness,Rarely engage in social interactions,E,-1
Friendliness,Have a natural talent for making others feel valued,E,1
Friendliness,Feel comfortable in a wide range of social settings,E,1
Friendliness,Enjoy being a friendly and positive force,E,1
Friendliness,Avoid initiating conversations with strangers,E,-1
Friendliness,Find it hard to get close to others,E,-1
Friendliness,Prefer solitude over social gatherings,E,-1
Friendliness,Prefer to keep your distance in social settings,E,-1
Friendliness,Tend to keep others at arm's length,E,-1
Friendliness,Enjoy being a source of cheer,E,1
Friendliness,Have a natural ability to engage in meaningful dialogue,E,1
Friendliness,Feel comfortable in different social environments,E,1
Friendliness,Enjoy being a friendly and welcoming influence,E,1
Friendliness,Have a reputation for being inconsiderate,E,-1
Friendliness,Are known for your outgoing nature,E,1
Friendliness,Rarely engage in conversations,E,-1
Friendliness,Tend to avoid initiating conversations with new people,E,-1
Friendliness,Prefer to keep to themselves in social settings,E,-1
Friendliness,Prefer solitary activities,E,-1
Friendliness,Prefer to keep to myself rather than engaging with others,E,-1
Friendliness,Tend to be reserved in social settings,E,-1
Friendliness,Keep interactions brief,E,-1
Friendliness,Tend to keep your distance from others,E,-1
Friendliness,Tend to avoid social gatherings,E,-1
Friendliness,Prefer to keep conversations short and to the point,E,-1
Friendliness,Avoid starting conversations,E,-1
Friendliness,Keep to themselves in social settings,E,-1
Friendliness,Struggle to engage in small talk,E,-1
Friendliness,Have a natural talent for making others feel welcome,E,1
Friendliness,Withdraw from social gatherings,E,-1
Friendliness,Keep to yourself in social settings,E,-1
Friendliness,Prefer to keep to yourself,E,-1
Friendliness,Keep to myself at social gatherings,E,-1
Friendliness,Prefer to keep your distance,E,-1
Friendliness,Tend to keep to yourself,E,-1
Friendliness,Avoid drawing attention to themselves,E,-1
Friendliness,Prefer not to engage in conversation,E,-1
Friendliness,Tend to keep to yourself in social gatherings,E,-1
Friendliness,Tend to keep conversations short and to the point,E,-1
Friendliness,Maintain a reserved demeanor,E,-1
Friendliness,Struggle to initiate conversations,E,-1
Friendliness,Keep to myself in social situations,E,-1
Friendliness,Prefer to be alone,E,-1
Friendliness,Avoid engaging in social activities,E,-1
Friendliness,Avoid initiating conversations,E,-1
Friendliness,Prefer to stay reserved and distant,E,-1
Friendliness,Prefer to remain on the sidelines in social settings,E,-1
Friendliness,Feel uneasy in social situations,E,-1
Friendliness,Avoid making new acquaintances,E,-1
Friendliness,Find it challenging to engage in social activities,E,-1
Friendliness,Keep your thoughts and feelings to yourself,E,-1
Friendliness,Prefer to keep interactions to a minimum,E,-1
Friendliness,Keep to yourself most of the time,E,-1
Friendliness,Prefer to keep my interactions with others brief,E,-1
Friendliness,Prefer to stay away from social gatherings,E,-1
Friendliness,Do not enjoy social gatherings,E,-1
Friendliness,Shy away from initiating conversations,E,-1
Friendliness,Show no interest in meeting new people,E,-1
Friendliness,Prefer being alone in social settings,E,-1
Friendliness,Avoid engaging in social interactions,E,-1
Friendliness,Rarely open up to new people,E,-1
Friendliness,Find it hard to connect with new people,E,-1
Friendliness,Avoid starting conversations with new people,E,-1
Friendliness,Stay distant from social gatherings,E,-1
Friendliness,Keep conversations short and to the point,E,-1
Friendliness,Have a reputation for being considerate,E,1
Friendliness,Tend to keep to themselves,E,-1
Friendliness,Feel uncomfortable in social situations,E,-1
Friendliness,Tend to keep to yourself in social settings,E,-1
Friendliness,Feel uncomfortable in social settings,E,-1
Friendliness,Prefer to interact with a small circle,E,-1
Friendliness,Prefer to maintain personal boundaries,E,-1
Friendliness,Feel uneasy in social gatherings,E,-1
Friendliness,Avoid engaging in small talk,E,-1
Friendliness,Tend to keep conversations short and minimal,E,-1
Friendliness,Prefer not to engage in small talk,E,-1
Friendliness,Struggle to strike up conversations with strangers,E,-1
Friendliness,Keep interactions with others to a minimum,E,-1
Friendliness,Feel uncomfortable initiating conversations,E,-1
Friendliness,Feel uncomfortable in large groups,E,-1
Friendliness,Prefer solitude over socializing,E,-1
Friendliness,Avoid social gatherings whenever possible,E,-1
Friendliness,Feel uneasy when meeting new people,E,-1
Friendliness,Seem distant and aloof,E,-1
Friendliness,Find it challenging to engage in small talk,E,-1
Friendliness,Refrain from engaging in social interactions,E,-1
Friendliness,Prefer to keep interactions brief,E,-1
Friendliness,Keep to yourself and shun social gatherings,E,-1
Friendliness,Struggle to create new social connections,E,-1
Friendliness,Avoid engaging in social gatherings,E,-1
Friendliness,Prefer to keep conversations superficial,E,-1
Friendliness,Tend to be reserved in social situations,E,-1
Friendliness,Keep to oneself in social settings,E,-1
Friendliness,Prefer to keep to myself in social situations,E,-1
Friendliness,Avoid engaging in small talk with strangers,E,-1
Friendliness,Tend to keep your emotions to yourself,E,-1
Friendliness,Rarely engage in small talk,E,-1
Friendliness,Prefer to avoid social gatherings,E,-1
Friendliness,Enjoy making new friends,E,1
Friendliness,Are approachable and open-hearted,E,1
Friendliness,Like to smile at everyone,E,1
Friendliness,Find joy in meeting new people,E,1
Friendliness,Easily strike up conversations with strangers,E,1
Friendliness,Appreciate the company of others,E,1
Friendliness,Feel energized in social gatherings,E,1
Friendliness,Can easily break the ice in groups,E,1
Friendliness,Make others feel welcome,E,1
Friendliness,Are eager to learn about others,E,1
Friendliness,Are a natural host at parties,E,1
Friendliness,Love to hear peoples stories,E,1
Friendliness,Have a warm and inviting presence,E,1
Friendliness,Thrive in team environments,E,1
Friendliness,Are quick to offer a helping hand,E,1
Friendliness,Are known for being hospitable,E,1
Friendliness,Easily make others feel at ease,E,1
Friendliness,Enjoy being part of community events,E,1
Friendliness,Are the first to say hello,E,1
Friendliness,Dont hesitate to introduce yourself,E,1
Friendliness,Are a good listener and conversationalist,E,1
Friendliness,Value social interactions highly,E,1
Friendliness,Are often the life of the party,E,1
Friendliness,Are always up for a chat,E,1
Friendliness,Have a knack for making connections,E,1
Friendliness,Feel fulfilled by socializing,E,1
Friendliness,Are known for your generosity of spirit,E,1
Friendliness,Like to bring people together,E,1
Friendliness,Are a social butterfly,E,1
Friendliness,Engage others with genuine curiosity,E,1
Friendliness,Are enthusiastic about group activities,E,1
Friendliness,Are quick to invite others to join in,E,1
Friendliness,Have a talent for making people laugh,E,1
Friendliness,Are comfortable in large crowds,E,1
Friendliness,Enjoy sharing experiences with others,E,1
Friendliness,Radiate warmth and kindness,E,1
Friendliness,Are eager to introduce your friends to each other,E,1
Friendliness,Find joy in collaborative projects,E,1
Friendliness,Are often told youre easy to talk to,E,1
Friendliness,Can turn strangers into friends quickly,E,1
Friendliness,Enjoy attending social functions,E,1
Friendliness,Are known for your cheerful disposition,E,1
Friendliness,Are always ready to lend an ear,E,1
Friendliness,Can make small talk feel meaningful,E,1
Friendliness,Are good at remembering names,E,1
Friendliness,Love to entertain guests,E,1
Friendliness,Are the first to welcome newcomers,E,1
Friendliness,Enjoy participating in group discussions,E,1
Friendliness,Are quick to offer compliments,E,1
Friendliness,Feel at home in diverse social settings,E,1
Friendliness,Are always interested in new perspectives,E,1
Friendliness,Make an effort to include everyone,E,1
Friendliness,Feel at ease with people,E,1
Friendliness,Are skilled at resolving conflicts,A,1
Friendliness,Are appreciated for your empathy,E,1
Friendliness,Find satisfaction in building strong relationships,E,1
Friendliness,Feel comfortable around people,E,1
Friendliness,Are often described as warm-hearted,E,1
Friendliness,Are proud of your social skills,E,1
Friendliness,Feel happiest when surrounded by friends,E,1
Friendliness,Are adept at reading social cues,E,1
Friendliness,Are often the peacemaker in groups,E,1
Friendliness,Enjoy spontaneous gatherings,E,1
Friendliness,Love to organize get-togethers,E,1
Friendliness,Have a contagious enthusiasm,E,1
Friendliness,Feel confident in social situations,E,1
Friendliness,Are quick to make others feel valued,E,1
Friendliness,Are fascinated by human interaction,E,1
Friendliness,Enjoy being part of a team,E,1
Friendliness,Are known for your lively conversations,E,1
Friendliness,Are quick to see the good in people,E,1
Friendliness,Enjoy helping others feel included,E,1
Friendliness,Are comfortable sharing your thoughts,E,1
Friendliness,Like to stay connected with friends,E,1
Friendliness,Are always up for making new acquaintances,E,1
Friendliness,Have a gift for storytelling,E,1
Friendliness,Are often the mediator in disagreements,E,1
Friendliness,Are enthusiastic about group adventures,E,1
Friendliness,Are often the first to volunteer,E,1
Friendliness,Have a welcoming smile,E,1
Friendliness,Are eager to join social clubs,E,1
Friendliness,Enjoy celebrating milestones with others,E,1
Friendliness,Are known for your upbeat personality,E,1
Friendliness,Easily relate to people from all walks of life,E,1
Friendliness,Are attentive to others needs,E,1
Friendliness,Find joy in giving compliments,E,1
Friendliness,Are driven by a love for people,E,1
Friendliness,Enjoy discovering common interests with others,E,1
Friendliness,Are quick to find common ground,E,1
Friendliness,Are known for your positive outlook,E,1
Friendliness,Are always willing to share your time,E,1
Friendliness,Are adept at making others feel appreciated,E,1
Friendliness,Are known for your good humor,E,1
Friendliness,Are always eager to meet new people,E,1
Friendliness,Are the first to offer a smile,E,1
Friendliness,Enjoy being part of social networks,E,1
Friendliness,Are often the glue in social circles,E,1
Friendliness,Are known for your enthusiasm for life,E,1
Friendliness,Are comfortable speaking in front of groups,E,1
Friendliness,Are known for your inclusive nature,E,1
Friendliness,Enjoy organizing community activities,E,1
Friendliness,Are skillful at introducing people,E,1
Friendliness,Are always ready with a kind word,E,1
Friendliness,Are known for your approachable demeanor,E,1
Friendliness,Are quick to express gratitude,E,1
Friendliness,Enjoy being with people from different backgrounds,E,1
Friendliness,Are a fan of group outings,E,1
Friendliness,Are known for your cheerful greetings,E,1
Friendliness,Are quick to share a laugh,E,1
Friendliness,Are passionate about community service,E,1
Friendliness,Easily engage in conversations with new people,E,1
Friendliness,Are known for your touch of humor,E,1
Friendliness,Are quick to offer your friendship,E,1
Friendliness,Are known for your jovial attitude,E,1
Friendliness,Enjoy being part of support groups,E,1
Friendliness,Are a natural at making others feel comfortable,E,1
Friendliness,Are always eager to learn about others,E,1
Friendliness,Are quick to offer a friendly smile,E,1
Friendliness,Are known for your vibrant energy,E,1
Friendliness,Are often the initiator of group activities,E,1
Friendliness,Find satisfaction in helping others feel welcomed,E,1
Friendliness,Are always ready to share your enthusiasm,E,1
Friendliness,Warm up quickly to others,E,1
Friendliness,Are quick to offer assistance,E,1
Friendliness,Enjoy bringing positivity to social gatherings,E,1
Friendliness,Are known for your genuine interest in others,E,1
Friendliness,Are quick to remember personal details,E,1
Friendliness,Love to create lasting memories with others,E,1
Friendliness,Are often the center of attention in social settings,E,1
Friendliness,Are known for your warmth and generosity,E,1
Friendliness,Are quick to build rapport with others,E,1
Friendliness,Are always ready for a new social experience,E,1
Friendliness,Are known for your thoughtful gestures,A,1
Friendliness,Enjoy being a part of group projects,E,1
Friendliness,Are enthusiastic about new connections,E,1
Friendliness,Are quick to share your joy with others,E,1
Friendliness,Are known for your heartfelt interactions,E,1
Friendliness,Enjoy being a positive influence on others,E,1
Friendliness,Are quick to celebrate others successes,E,1
Friendliness,Are known for your lively spirit,E,1
Friendliness,Enjoy making others feel special,E,1
Friendliness,Are often the initiator of conversations,E,1
Friendliness,Are known for your vibrant storytelling,E,1
Friendliness,Are quick to offer your encouragement,E,1
Friendliness,Enjoy making others feel seen and heard,E,1
Friendliness,Are known for your infectious laughter,E,1
Friendliness,Are quick to adapt to different social situations,E,1
Friendliness,Enjoy being a source of support for others,E,1
Friendliness,Enjoy bringing people together,E,1
Friendliness,Are quick to express your appreciation,E,1
Friendliness,Are always ready to share a meal with friends,E,1
Friendliness,Are known for your engaging presence,E,1
Friendliness,Are quick to make others feel inspired,E,1
Friendliness,Enjoy being a part of social traditions,E,1
Friendliness,Are known for your loving nature,E,1
Friendliness,Are quick to extend invitations,E,1
Friendliness,Enjoy being a part of diverse communities,E,1
Friendliness,Are known for your dynamic personality,E,1
Friendliness,Are quick to offer a listening ear,E,1
Friendliness,Enjoy being a part of social causes,E,1
Friendliness,Are known for your genuine compliments,E,1
Friendliness,Are quick to make others feel uplifted,E,1
Friendliness,Enjoy being a part of festive occasions,E,1
Friendliness,Are known for your joyful interactions,E,1
Friendliness,Are quick to make others feel hopeful,E,1
Friendliness,Enjoy being a part of shared experiences,E,1
Friendliness,Are known for your kind-heartedness,E,1
Friendliness,Are quick to spark engaging discussions,E,1
Friendliness,Enjoy being a part of social adventures,E,1
Friendliness,Are known for your zest for life,E,1
Friendliness,Are quick to create a warm atmosphere,E,1
Friendliness,Enjoy being a part of collective efforts,E,1
Friendliness,Are known for your empathetic nature,E,1
Friendliness,Are quick to celebrate diversity,E,1
Friendliness,Enjoy being a part of joyful moments,E,1
Friendliness,Are known for your radiant personality,E,1
Friendliness,Are quick to make others feel cherished,E,1
Friendliness,Enjoy being a part of uplifting gatherings,E,1
Friendliness,Are known for your heartfelt exchanges,E,1
Friendliness,Are quick to offer your kindness,E,1
Friendliness,Enjoy being a part of memorable celebrations,E,1
Friendliness,Are known for your bright outlook,E,1
Friendliness,Are quick to foster a sense of belonging,E,1
Friendliness,Enjoy being a part of meaningful interactions,E,1
Friendliness,Are known for your compassionate spirit,A,1
Friendliness,Are quick to make meaningful connections,E,1
Friendliness,Enjoy being a part of social circles,E,1
Friendliness,Are known for your cheerful banter,E,1
Friendliness,Are quick to offer your sincerity,E,1
Friendliness,Enjoy being a part of heartwarming events,E,1
Friendliness,Are known for your enthusiastic greetings,E,1
Friendliness,Are quick to inspire others with your positivity,E,1
Friendliness,Enjoy being a part of vibrant communities,E,1
Friendliness,Are known for your open-hearted conversations,E,1
Friendliness,Are quick to uplift those around you,E,1
Friendliness,Enjoy being a part of supportive environments,E,1
Friendliness,Are known for your genuine encouragement,E,1
Friendliness,Are quick to bring joy to social settings,E,1
Friendliness,Enjoy being a part of engaging dialogues,E,1
Friendliness,Are known for your lively exchanges,E,1
Friendliness,Are quick to spread good cheer,E,1
Friendliness,Enjoy being a part of interactive experiences,E,1
Friendliness,Are known for your optimistic outlook,E,1
Friendliness,Are quick to create joyful moments,E,1
Friendliness,Enjoy being a part of collaborative efforts,E,1
Friendliness,Are known for your sincere interactions,E,1
Friendliness,Love making new acquaintances and fostering connections,E,1
Friendliness,Enjoy being a part of positive atmospheres,E,1
Friendliness,Are known for your heartfelt smiles,E,1
Friendliness,Are quick to share your warmth,E,1
Friendliness,Enjoy being a part of social festivities,E,1
Friendliness,Are known for your vibrant discussions,E,1
Friendliness,Are quick to show appreciation for others,E,1
Friendliness,Enjoy being a part of enriching conversations,E,1
Friendliness,Are known for your engaging talks,E,1
Friendliness,Are quick to make others feel at home,E,1
Friendliness,Enjoy being a part of lively environments,E,1
Friendliness,Are known for your spirited personality,E,1
Friendliness,Are quick to create a welcoming space,E,1
Friendliness,Enjoy being a part of dynamic interactions,E,1
Friendliness,Are known for your positive energy,E,1
Friendliness,Are quick to make others feel important,E,1
Friendliness,Enjoy being a part of collaborative ventures,E,1
Friendliness,Are known for your warm exchanges,E,1
Friendliness,Are quick to offer your heartfelt support,E,1
Friendliness,Enjoy being a part of exciting discussions,E,1
Friendliness,Are known for your infectious enthusiasm,E,1
Friendliness,Are quick to create moments of joy,E,1
Friendliness,Enjoy being a part of engaging communities,E,1
Friendliness,Make new friends easily,E,1
Friendliness,Are quick to share your positivity,E,1
Friendliness,Enjoy being a part of social endeavors,E,1
Friendliness,Make friends easily in new environments,E,1
Friendliness,Are quick to make others feel celebrated,E,1
Friendliness,Enjoy being a part of vibrant events,E,1
Friendliness,Are known for your inviting nature,E,1
Friendliness,Are quick to foster a sense of camaraderie,E,1
Friendliness,Enjoy being a part of enriching dialogues,E,1
Friendliness,Are known for your friendly exchanges,E,1
Friendliness,Are quick to make others feel included,E,1
Friendliness,Enjoy being a part of joyous occasions,E,1
Friendliness,Enjoy engaging in conversations with new people,E,1
Friendliness,Are quick to offer your warm presence,E,1
Friendliness,Enjoy being a part of meaningful gatherings,E,1
Friendliness,Are known for your joyful presence,E,1
Friendliness,Are quick to spread happiness,E,1
Friendliness,Enjoy being a part of welcoming groups,E,1
Friendliness,Welcome newcomers warmly,E,1
Friendliness,Are quick to bring lightness to conversations,E,1
Friendliness,Enjoy being a part of supportive networks,E,1
Friendliness,Are known for your uplifting interactions,E,1
Friendliness,Are quick to share your genuine interest,E,1
Friendliness,Enjoy being a part of harmonious settings,E,1
Friendliness,Are known for your enthusiastic participation,E,1
Friendliness,Are quick to offer your heartfelt appreciation,E,1
Friendliness,Enjoy being a part of positive interactions,E,1
Friendliness,Are known for your cheerful demeanor,E,1
Friendliness,Are quick to make others feel connected,E,1
Friendliness,Enjoy being a part of delightful exchanges,E,1
Friendliness,Enjoy meeting new people and striking up conversations,E,1
Friendliness,Are quick to create a joyful environment,E,1
Friendliness,Enjoy being a part of interactive communities,E,1
Friendliness,Are known for your genuine warmth,E,1
Friendliness,Are quick to make others feel heard,E,1
Friendliness,Enjoy being a part of collaborative dialogues,E,1
Friendliness,Are known for your vibrant conversations,E,1
Friendliness,Are quick to offer your sincere encouragement,E,1
Friendliness,Enjoy being a part of lively discussions,E,1
Friendliness,Engage easily in conversations,E,1
Friendliness,Are quick to create lasting friendships,E,1
Friendliness,Enjoy being a part of dynamic gatherings,E,1
Friendliness,Are known for your positive influence,E,1
Friendliness,Are quick to make others feel understood,E,1
Friendliness,Enjoy being a part of social interactions,E,1
Friendliness,Are known for your spirited exchanges,E,1
Friendliness,Easily engage others in conversation,E,1
Friendliness,Enjoy engaging in social gatherings,E,1
Friendliness,Are known for your joyful outlook,E,1
Friendliness,Are quick to share your enthusiasm,E,1
Friendliness,Enjoy being a part of vibrant conversations,E,1
Friendliness,Are known for your inviting demeanor,E,1
Friendliness,Are quick to foster meaningful relationships,E,1
Friendliness,Enjoy being a part of interactive discussions,E,1
Friendliness,Are known for your lively presence,E,1
Friendliness,Are quick to make others feel appreciated,E,1
Friendliness,Enjoy being a part of positive environments,E,1
Friendliness,Are known for your cheerful interactions,E,1
Friendliness,Are quick to offer your genuine kindness,E,1
Friendliness,Enjoy being a part of enriching exchanges,E,1
Friendliness,Are known for your engaging spirit,E,1
Friendliness,Are quick to create welcoming spaces,E,1
Friendliness,Enjoy being a part of dynamic dialogues,E,1
Friendliness,Are known for your heartfelt participation,E,1
Friendliness,Easily engage in conversations with strangers,E,1
Friendliness,Engage warmly in social interactions,E,1
Friendliness,Are known for your vibrant personality,E,1
Friendliness,Are quick to bring positivity to gatherings,E,1
Friendliness,Enjoy being a part of interactive events,E,1
Friendliness,Are known for your inviting exchanges,E,1
Friendliness,Are quick to make others feel special,E,1
Friendliness,Create a welcoming atmosphere,E,1
Friendliness,Are known for your joyful conversations,E,1
Friendliness,Are quick to offer your heartfelt cheer,E,1
Friendliness,Enjoy being a part of lively communities,E,1
Friendliness,Are known for your positive exchanges,E,1
Friendliness,Are quick to create a sense of belonging,E,1
Friendliness,Enjoy being a part of dynamic discussions,E,1
Friendliness,Are known for your vibrant interactions,E,1
Friendliness,Enjoy meeting new people,E,1
Friendliness,Enjoy being a part of engaging environments,E,1
Friendliness,Are known for your inviting presence,E,1
Friendliness,Are quick to foster joyful connections,E,1
Friendliness,Enjoy being a part of positive dialogues,E,1
Friendliness,Are known for your cheerful engagement,E,1
Friendliness,Are quick to offer your sincere warmth,E,1
Friendliness,Make others feel welcome and appreciated,E,1
Friendliness,Are known for your lively participation,E,1
Friendliness,Are quick to create a welcoming atmosphere,E,1
Friendliness,Enjoy engaging in lively conversations,E,1
Friendliness,Are known for your radiant exchanges,E,1
Friendliness,Love making new acquaintances and building connections,E,1
Friendliness,Seek out social interactions,E,1
Friendliness,Are known for your spirited conversations,E,1
Friendliness,Enjoy engaging with new people,E,1
Friendliness,Enjoy striking up conversations with strangers,E,1
Friendliness,Are known for your engaging demeanor,E,1
Friendliness,Find it easy to make new friends,E,1
Friendliness,Like to make others feel welcome,E,1
Friendliness,Are known for your inviting spirit,E,1
Friendliness,Enjoy initiating conversations,E,1
Friendliness,Enjoy being a part of meaningful dialogues,E,1
Friendliness,Find joy in starting conversations with new acquaintances,E,1
Friendliness,Are quick to offer your genuine support,E,1
Friendliness,Enjoy being a part of lively exchanges,E,1
Friendliness,Are known for your vibrant engagement,E,1
Friendliness,Easily start conversations with strangers,E,1
Friendliness,Easily make new connections,E,1
Friendliness,Are known for your inviting conversations,E,1
Friendliness,Often smile and greet everyone they meet,E,1
Friendliness,Enjoy being a part of positive gatherings,E,1
Friendliness,Are known for your cheerful exchanges,E,1
Friendliness,Are quick to offer your heartfelt kindness,E,1
Friendliness,Enjoy making new acquaintances at social gatherings,E,1
Friendliness,Have a warm and welcoming demeanor,E,1
Friendliness,Love engaging in lively conversations,E,1
Friendliness,Enjoy being a part of interactive environments,E,1
Friendliness,Enjoy engaging in lively conversations with others,E,1
Friendliness,Make others feel at ease,E,1
Friendliness,Always approachable and welcoming,E,1
Friendliness,Welcome others warmly,E,1
Friendliness,Find it easy to strike up conversations,E,1
Friendliness,Eager to connect with others,E,1
Friendliness,Easily connect with new people,E,1
Friendliness,Are quick to foster meaningful connections,E,1
Friendliness,Find joy in helping others feel welcome,E,1
Friendliness,Are known for your lively engagement,E,1
Friendliness,Enjoy engaging in conversation,E,1
Friendliness,Start conversations with strangers,E,1
Friendliness,Find it easy to strike up conversations with strangers,E,1
Friendliness,Engage in lively conversations,E,1
Gregariousness,Feel uncomfortable in social gatherings,E,-1
Gregariousness,Prefer solitude over company,E,-1
Gregariousness,Avoid large parties,E,-1
Gregariousness,Feel drained after social interactions,E,-1
Gregariousness,Prefer listening over speaking in groups,E,-1
Gregariousness,Feel overwhelmed in a crowd,E,-1
Gregariousness,Are reserved in new situations,E,-1
Gregariousness,Find small talk exhausting,E,-1
Gregariousness,Tend to blend into the background,E,-1
Gregariousness,Prefer to stay at home,E,-1
Gregariousness,Are hesitant to initiate conversation,E,-1
Gregariousness,Feel shy around new people,E,-1
Gregariousness,Prefer deep conversations with a few people,E,-1
Gregariousness,Find it hard to mingle at events,E,-1
Gregariousness,Are not fond of being in the spotlight,E,-1
Gregariousness,Avoid crowded places,E,-1
Gregariousness,Prefer online interaction over face-to-face,E,-1
Gregariousness,Feel anxious in bustling environments,E,-1
Gregariousness,Are not keen on making new friends,E,-1
Gregariousness,Feel more comfortable in familiar settings,E,-1
Gregariousness,Are not the life of the party,E,-1
Gregariousness,Prefer quiet evenings at home,E,-1
Gregariousness,Find networking events daunting,E,-1
Gregariousness,Are more of a listener than a talker,E,-1
Gregariousness,Feel more at ease in small groups,E,-1
Gregariousness,Are not enthusiastic about social gatherings,E,-1
Gregariousness,Feel uneasy in large crowds,E,-1
Gregariousness,Prefer one-on-one interactions,E,-1
Gregariousness,Feel drained by social obligations,E,-1
Gregariousness,Are not eager to meet new people,E,-1
Gregariousness,Prefer staying on the sidelines,E,-1
Gregariousness,Find it hard to engage in group activities,E,-1
Gregariousness,Feel awkward in social settings,E,-1
Gregariousness,Prefer structured social interactions,E,-1
Gregariousness,Feel more comfortable observing than participating,E,-1
Gregariousness,Are more interested in listening than speaking,E,-1
Gregariousness,Avoid being the center of attention,E,-1
Gregariousness,Prefer to stay unnoticed,E,-1
Gregariousness,Feel more at home in solitude,E,-1
Gregariousness,Are not a fan of socializing,E,-1
Gregariousness,Prefer intimate gatherings to big parties,E,-1
Gregariousness,Do not enjoy being surrounded by people,E,-1
Gregariousness,Avoid being in the limelight,E,-1
Gregariousness,Feel more comfortable with close friends,E,-1
Gregariousness,Are not keen on being outgoing,E,-1
Gregariousness,Prefer to remain in the background,E,-1
Gregariousness,Feel more relaxed in small circles,E,-1
Gregariousness,Find it challenging to break the ice,E,-1
Gregariousness,Are not fond of social events,E,-1
Gregariousness,Feel at ease in tranquil environments,E,-1
Gregariousness,Prefer solitary activities,E,-1
Gregariousness,Are not interested in being sociable,E,-1
Gregariousness,Feel more comfortable in familiar company,E,-1
Gregariousness,Are not the first to speak up,E,-1
Gregariousness,Feel more at ease in quiet settings,E,-1
Gregariousness,Avoid speaking in public,E,-1
Gregariousness,Are more comfortable in small familiar groups,E,-1
Gregariousness,Feel uneasy being the center of attention,E,-1
Gregariousness,Prefer to keep interactions brief,E,-1
Gregariousness,Are not one to seek out social interaction,E,-1
Gregariousness,Find it hard to be outgoing,E,-1
Gregariousness,Feel more comfortable behind the scenes,E,-1
Gregariousness,Avoid being the focus of attention,E,-1
Gregariousness,Prefer quiet and calm environments,E,-1
Gregariousness,Are not inclined to start conversations,E,-1
Gregariousness,Feel more at ease with a few close friends,E,-1
Gregariousness,Avoid social obligations,E,-1
Gregariousness,Feel more comfortable in small quiet settings,E,-1
Gregariousness,Are not drawn to socializing,E,-1
Gregariousness,Prefer staying on the periphery,E,-1
Gregariousness,Feel more comfortable in the background,E,-1
Gregariousness,Avoid being outgoing,E,-1
Gregariousness,Are not eager to be sociable,E,-1
Gregariousness,Feel more at ease in intimate settings,E,-1
Gregariousness,Avoid being the focal point,E,-1
Gregariousness,Prefer staying away from the crowd,E,-1
Gregariousness,Do not enjoy mingling,E,-1
Gregariousness,Feel more comfortable in solitude,E,-1
Gregariousness,Are not interested in being the center of attention,E,-1
Gregariousness,Avoid being the highlight,E,-1
Gregariousness,Feel more comfortable in secluded settings,E,-1
Gregariousness,Prefer to stay in the shadows,E,-1
Gregariousness,Are not enthusiastic about social interaction,E,-1
Gregariousness,Feel more at ease with close acquaintances,E,-1
Gregariousness,Avoid large social circles,E,-1
Gregariousness,Prefer being in the background,E,-1
Gregariousness,Are not inclined to socialize,E,-1
Gregariousness,Feel more comfortable in quiet activities,E,-1
Gregariousness,Avoid engaging in large gatherings,E,-1
Gregariousness,Prefer to remain unnoticed,E,-1
Gregariousness,Are not drawn to being social,E,-1
Gregariousness,Feel more at ease in solitary pursuits,E,-1
Gregariousness,Avoid becoming the center of attention,E,-1
Gregariousness,Prefer to stay out of the spotlight,E,-1
Gregariousness,Are not fond of being gregarious,E,-1
Gregariousness,Feel more comfortable in serene settings,E,-1
Gregariousness,Avoid being the main attraction,E,-1
Gregariousness,Prefer smaller quieter gatherings,E,-1
Gregariousness,Are not interested in mingling with strangers,E,-1
Gregariousness,Feel more at ease with familiar faces,E,-1
Gregariousness,Avoid being the main focus,E,-1
Gregariousness,Prefer to keep a low profile,E,-1
Gregariousness,Are not inclined to engage in social events,E,-1
Gregariousness,Feel more comfortable in peaceful environments,E,-1
Gregariousness,Avoid being the center stage,E,-1
Gregariousness,Prefer intimate settings over large groups,E,-1
Gregariousness,Are not enthusiastic about being sociable,E,-1
Gregariousness,Feel more at ease with a small group of friends,E,-1
Gregariousness,Avoid being the center of the crowd,E,-1
Gregariousness,Prefer staying out of the limelight,E,-1
Gregariousness,Are not drawn to large social settings,E,-1
Gregariousness,Feel more comfortable in solitude or with close friends,E,-1
Gregariousness,Avoid being the primary attraction,E,-1
Gregariousness,Prefer to remain in the background during social events,E,-1
Gregariousness,Are not fond of being the center of group activities,E,-1
Gregariousness,Feel more at ease in quiet familiar settings,E,-1
Gregariousness,Avoid participating in large social gatherings,E,-1
Gregariousness,Prefer being a quiet observer,E,-1
Gregariousness,Are not inclined to be a social butterfly,E,-1
Gregariousness,Feel more comfortable in reflective pursuits,E,-1
Gregariousness,Avoid being the main spotlight,E,-1
Gregariousness,Prefer smaller circles of friends,E,-1
Gregariousness,Are not enthusiastic about attending parties,E,-1
Gregariousness,Feel more at ease in familiar company,E,-1
Gregariousness,Avoid being the center of group discussions,E,-1
Gregariousness,Prefer to stay on the outskirts of social events,E,-1
Gregariousness,Are not drawn to being the center of social occasions,E,-1
Gregariousness,Feel more comfortable in tranquil surroundings,E,-1
Gregariousness,Avoid being the focal point of social gatherings,E,-1
Gregariousness,Prefer engaging with a few people at a time,E,-1
Gregariousness,Are not interested in being the highlight of social events,E,-1
Gregariousness,Feel more at ease when not surrounded by many people,E,-1
Gregariousness,Avoid taking the central role in group activities,E,-1
Gregariousness,Prefer to be a part of smaller close-knit groups,E,-1
Gregariousness,Are not inclined to be the center of attention at gatherings,E,-1
Gregariousness,Feel more comfortable in personal quiet environments,E,-1
Gregariousness,Avoid being the main focus during social occasions,E,-1
Gregariousness,Prefer keeping to themselves in large gatherings,E,-1
Gregariousness,Are not keen on being part of large social circles,E,-1
Gregariousness,Feel more at ease when not in the limelight,E,-1
Gregariousness,Avoid being the center of the social scene,E,-1
Gregariousness,Prefer intimate conversations to group discussions,E,-1
Gregariousness,Are not interested in being a prominent figure in social settings,E,-1
Gregariousness,Feel more comfortable in personal interactions,E,-1
Gregariousness,Avoid being the main topic of conversation,E,-1
Gregariousness,Prefer to observe rather than participate in social events,E,-1
Gregariousness,Are not inclined to be part of lively crowds,E,-1
Gregariousness,Feel more at ease when not the focus of attention,E,-1
Gregariousness,Avoid being the main draw at social gatherings,E,-1
Gregariousness,Prefer one-on-one interactions to group engagements,E,-1
Gregariousness,Are not enthusiastic about being in large company,E,-1
Gregariousness,Feel more comfortable engaging with a few familiar faces,E,-1
Gregariousness,Avoid being the central attendee at events,E,-1
Gregariousness,Prefer to interact in smaller more personal settings,E,-1
Gregariousness,Are not fond of being in the midst of large crowds,E,-1
Gregariousness,Feel more at ease when surrounded by a few trusted friends,E,-1
Gregariousness,Avoid being the primary socializer in groups,E,-1
Gregariousness,Prefer staying on the margins of social gatherings,E,-1
Gregariousness,Are not inclined to thrive in bustling social environments,E,-1
Gregariousness,Feel more comfortable when not the center of social scenes,E,-1
Gregariousness,Avoid being the key figure at events,E,-1
Gregariousness,Prefer meaningful conversations over idle chatter,E,-1
Gregariousness,Are not drawn to being the center of lively interactions,E,-1
Gregariousness,Feel more at ease in smaller quieter settings,E,-1
Gregariousness,Avoid being the focal participant in social scenarios,E,-1
Gregariousness,Prefer to engage with a select few rather than many,E,-1
Gregariousness,Are not enthusiastic about being a social figure,E,-1
Gregariousness,Feel more comfortable when not surrounded by strangers,E,-1
Gregariousness,Avoid being the central personality in social circles,E,-1
Gregariousness,Prefer to be part of smaller more intimate groups,E,-1
Gregariousness,Are not keen on taking center stage in social settings,E,-1
Gregariousness,Feel more at ease when engaging with a few known individuals,E,-1
Gregariousness,Avoid being the main participant in social engagements,E,-1
Gregariousness,Prefer to stay on the outskirts of lively gatherings,E,-1
Gregariousness,Are not inclined to seek out bustling social environments,E,-1
Gregariousness,Feel more comfortable when not the focal point of social attention,E,-1
Gregariousness,Avoid being the primary attendee in large groups,E,-1
Gregariousness,Prefer quiet personal conversations to public discussions,E,-1
Gregariousness,Are not drawn to being in the midst of social activity,E,-1
Gregariousness,Feel more at ease in calm familiar environments,E,-1
Gregariousness,Avoid being the main attraction in social settings,E,-1
Gregariousness,Prefer to connect with a few rather than many,E,-1
Gregariousness,Are not enthusiastic about being in the heart of social scenes,E,-1
Gregariousness,Feel more comfortable with a limited number of acquaintances,E,-1
Gregariousness,Avoid being the central focus at social functions,E,-1
Gregariousness,Enjoy spending time with large groups of people,E,1
Gregariousness,Are not keen on being the central figure in social interactions,E,-1
Gregariousness,Feel more at ease when engaging with familiar faces,E,-1
Gregariousness,Avoid being the main social presence at events,E,-1
Gregariousness,Prefer to stay on the periphery of social activities,E,-1
Gregariousness,Are not inclined to gravitate towards bustling gatherings,E,-1
Gregariousness,Feel more comfortable when not the focus of social gatherings,E,-1
Gregariousness,Avoid being the primary social force in large groups,E,-1
Gregariousness,Prefer meaningful exchanges over superficial interactions,E,-1
Gregariousness,Are not drawn to being in the center of social dynamics,E,-1
Gregariousness,Feel more at ease in controlled familiar environments,E,-1
Gregariousness,Avoid being the main social attraction,E,-1
Gregariousness,Prefer to build connections with a few rather than many,E,-1
Gregariousness,Are not enthusiastic about being a prominent social figure,E,-1
Gregariousness,Feel more comfortable when not crowded by unfamiliar faces,E,-1
Gregariousness,Avoid being the central personality in group settings,E,-1
Gregariousness,Prefer to remain a part of smaller closer-knit groups,E,-1
Gregariousness,Are not keen on taking the lead in social scenarios,E,-1
Gregariousness,Feel more at ease when surrounded by a few trusted individuals,E,-1
Gregariousness,Avoid being the main figure in social engagements,E,-1
Gregariousness,Prefer staying at the edges of active gatherings,E,-1
Gregariousness,Are not inclined to be at the center of social buzz,E,-1
Gregariousness,Feel more comfortable when not the highlight of social situations,E,-1
Gregariousness,Avoid being the primary presence in large social environments,E,-1
Gregariousness,Prefer personal one-on-one exchanges,E,-1
Gregariousness,Are not drawn to being the center of social happenings,E,-1
Gregariousness,Feel more at ease in quieter more personal environments,E,-1
Gregariousness,Avoid being the key participant in social settings,E,-1
Gregariousness,Prefer to connect deeply with a few rather than superficially with many,E,-1
Gregariousness,Are not enthusiastic about being the center of social circles,E,-1
Gregariousness,Feel more comfortable when with a few familiar companions,E,-1
Gregariousness,Avoid being the central figure in social gatherings,E,-1
Gregariousness,Avoid large gatherings,E,-1
Gregariousness,Are not keen on taking the spotlight in social events,E,-1
Gregariousness,Feel more at ease when engaging with a select few,E,-1
Gregariousness,Avoid being the main social participant,E,-1
Gregariousness,Prefer to stay on the sidelines of bustling activities,E,-1
Gregariousness,Are not inclined to be the center of social attention,E,-1
Gregariousness,Feel more comfortable in quiet familiar surroundings,E,-1
Gregariousness,Avoid being the primary socialite in groups,E,-1
Gregariousness,Prefer to engage in meaningful interactions,E,1
Gregariousness,Are not drawn to being the focal point in social gatherings,E,-1
Gregariousness,Feel more at ease in small cozy settings,E,-1
Gregariousness,Avoid being the main social draw,E,-1
Gregariousness,Prefer to connect on a deeper level with a few people,E,-1
Gregariousness,Are not enthusiastic about being a central social figure,E,-1
Gregariousness,Feel more comfortable when not surrounded by a crowd,E,-1
Gregariousness,Avoid being the central presence at social events,E,-1
Gregariousness,Prefer to remain in smaller close-knit circles,E,-1
Gregariousness,Are not keen on being the main attraction in social scenes,E,-1
Gregariousness,Feel more at ease when interacting with familiar individuals,E,-1
Gregariousness,Avoid being the main figure in group activities,E,-1
Gregariousness,Prefer to stay on the outskirts of social happenings,E,-1
Gregariousness,Are not inclined to be a social centerpiece,E,-1
Gregariousness,Feel more comfortable in tranquil familiar environments,E,-1
Gregariousness,Avoid being the primary social figure,E,-1
Gregariousness,Prefer to engage in personal meaningful dialogues,E,-1
Gregariousness,Are not drawn to being the center of bustling events,E,-1
Gregariousness,Feel drained after socializing,E,-1
Gregariousness,Avoid being the main participant in lively environments,E,-1
Gregariousness,Prefer to connect deeply with a few well-known individuals,E,-1
Gregariousness,Are not enthusiastic about being a key social figure,E,-1
Gregariousness,Feel more comfortable when not in the midst of a large group,E,-1
Gregariousness,Avoid being the central figure in social circles,E,-1
Gregariousness,Avoid social events whenever possible,E,-1
Gregariousness,Are not keen on taking a leading role in social scenarios,E,-1
Gregariousness,Prefer solitude over social gatherings,E,-1
Gregariousness,Avoid being the main participant in social settings,E,-1
Gregariousness,Prefer to stay on the outskirts of crowded gatherings,E,-1
Gregariousness,Are not inclined to take the spotlight in social environments,E,-1
Gregariousness,Stay away from social gatherings,E,-1
Gregariousness,Avoid being the primary social focus,E,-1
Gregariousness,Prefer to engage in more profound personal interactions,E,-1
Gregariousness,Are not drawn to being in the heart of social events,E,-1
Gregariousness,Tend to stay on the sidelines in social settings,E,-1
Gregariousness,Avoid being the main attraction in social environments,E,-1
Gregariousness,Enjoys striking up conversations with strangers,E,1
Gregariousness,Feels energized after social gatherings,E,1
Gregariousness,Regularly organizes group outings,E,1
Gregariousness,Loves being surrounded by friends,E,1
Gregariousness,Often the first to introduce themselves in a group,E,1
Gregariousness,Thrives in bustling environments,E,1
Gregariousness,Frequently hosts game nights,E,1
Gregariousness,Always eager to meet new people,E,1
Gregariousness,Feels comfortable speaking in front of crowds,E,1
Gregariousness,Easily maintains multiple friendships,E,1
Gregariousness,Prefers group activities over solitary ones,E,1
Gregariousness,Enjoys being part of a large community,E,1
Gregariousness,Often initiates group discussions,E,1
Gregariousness,Feels at ease in lively settings,E,1
Gregariousness,Rarely declines invitations to social events,E,1
Gregariousness,Engages people with lively storytelling,E,1
Gregariousness,Naturally gravitates towards crowded places,E,1
Gregariousness,Regularly attends networking events,E,1
Gregariousness,Finds joy in organizing family reunions,E,1
Gregariousness,Is often the life of the party,E,1
Gregariousness,Enjoys collaborating on group projects,E,1
Gregariousness,Feels invigorated by lively debates,E,1
Gregariousness,Always knows how to make a guest feel welcome,E,1
Gregariousness,Has a knack for remembering peoples names,E,1
Gregariousness,Often takes the lead in planning social events,E,1
Gregariousness,Feels at home in a bustling café,E,1
Gregariousness,Comfortably mingles at large gatherings,E,1
Gregariousness,Relishes opportunities to meet interesting people,E,1
Gregariousness,Frequently offers to show newcomers around,E,1
Gregariousness,Enjoys being part of a vibrant social circle,E,1
Gregariousness,Never hesitates to join a conversation,E,1
Gregariousness,Feels most alive when surrounded by others,E,1
Gregariousness,Often organizes community events,E,1
Gregariousness,Enjoys engaging in group activities,E,1
Gregariousness,Thrives in environments that require teamwork,E,1
Gregariousness,Frequently invites colleagues out for lunch,E,1
Gregariousness,Is always up for spontaneous social adventures,E,1
Gregariousness,Enjoys exchanging stories with acquaintances,E,1
Gregariousness,Feels most comfortable in social settings,E,1
Gregariousness,Often the first to volunteer for group tasks,E,1
Gregariousness,Enjoys attending large family gatherings,E,1
Gregariousness,Feels energized by the company of others,E,1
Gregariousness,Loves attending festivals and fairs,E,1
Gregariousness,Frequently plans weekend get-togethers,E,1
Gregariousness,Enjoys being part of vibrant discussions,E,1
Gregariousness,Feels relaxed in crowded places,E,1
Gregariousness,Rarely misses a chance to join a group outing,E,1
Gregariousness,Enjoys the energy of a lively crowd,E,1
Gregariousness,Feels most connected in social environments,E,1
Gregariousness,Thrives on the energy of group dynamics,E,1
Gregariousness,Relishes the opportunity to host gatherings,E,1
Gregariousness,Feels comfortable in a room full of people,E,1
Gregariousness,Loves to be at the heart of social activities,E,1
Gregariousness,Often organizes outings with friends,E,1
Gregariousness,Feels at ease initiating conversations,E,1
Gregariousness,Enjoys being involved in community projects,E,1
Gregariousness,Frequently attends social mixers,E,1
Gregariousness,Often volunteers to coordinate team events,E,1
Gregariousness,Feels most fulfilled when engaging with others,E,1
Gregariousness,Enjoys being part of a lively crowd,E,1
Gregariousness,Naturally takes on the role of group leader,E,1
Gregariousness,Loves to entertain guests at home,E,1
Gregariousness,Feels a sense of belonging in large groups,E,1
Gregariousness,Enjoys attending concerts and live events,E,1
Gregariousness,Often creates opportunities for social interaction,E,1
Gregariousness,Relishes in the company of diverse groups,E,1
Gregariousness,Frequently invites friends for casual meetups,E,1
Gregariousness,Feels energized in bustling environments,E,1
Gregariousness,Loves to share experiences with others,E,1
Gregariousness,Feels at ease in animated discussions,E,1
Gregariousness,Enjoys being around people with varied backgrounds,E,1
Gregariousness,Often initiates plans for social gatherings,E,1
Gregariousness,Feels a natural connection in group settings,E,1
Gregariousness,Enjoys the vibrancy of social engagements,E,1
Gregariousness,Frequently participates in community activities,E,1
Gregariousness,Feels most content in lively atmospheres,E,1
Gregariousness,Loves to bring people together,E,1
Gregariousness,Enjoys being part of active social groups,E,1
Gregariousness,Feels comfortable in a wide circle of acquaintances,E,1
Gregariousness,Enjoys coordinating group travel plans,E,1
Gregariousness,Feels a natural inclination towards social bonding,E,1
Gregariousness,Loves engaging in lively banter,E,1
Gregariousness,Frequently attends social club meetings,E,1
Gregariousness,Feels invigorated by collective experiences,E,1
Gregariousness,Enjoys the dynamics of large gatherings,E,1
Gregariousness,Feels at ease facilitating group interactions,E,1
Gregariousness,Often takes the initiative in social settings,E,1
Gregariousness,Enjoys being in the thick of social happenings,E,1
Gregariousness,Feels fulfilled when connecting with diverse individuals,E,1
Gregariousness,Loves the thrill of meeting new people,E,1
Gregariousness,Frequently joins community service groups,E,1
Gregariousness,Feels a sense of excitement in crowded venues,E,1
Gregariousness,Enjoys exchanging ideas in group settings,E,1
Gregariousness,Feels most alive in interactive environments,E,1
Gregariousness,Loves maintaining a bustling social calendar,E,1
Gregariousness,Enjoys being a part of vibrant social networks,E,1
Gregariousness,Feels at home in a room full of chatter,E,1
Gregariousness,Frequently organizes collaborative projects,E,1
Gregariousness,Loves the energy of a full house,E,1
Gregariousness,Enjoys bringing different groups together,E,1
Gregariousness,Feels most invigorated in dynamic atmospheres,E,1
Gregariousness,Loves engaging with others in shared activities,E,1
Gregariousness,Frequently attends cultural events with friends,E,1
Gregariousness,Feels a sense of warmth in group interactions,E,1
Gregariousness,Enjoys hosting lively dinner parties,E,1
Gregariousness,Loves participating in spirited discussions,E,1
Gregariousness,Feels at ease in bustling public spaces,E,1
Gregariousness,Enjoys coordinating social events,E,1
Gregariousness,Feels a natural affinity for group dynamics,E,1
Gregariousness,Loves being involved in community festivals,E,1
Gregariousness,Frequently joins social clubs and organizations,E,1
Gregariousness,Feels most comfortable in interactive settings,E,1
Gregariousness,Enjoys the excitement of group adventures,E,1
Gregariousness,Feels energized by the buzz of social gatherings,E,1
Gregariousness,Loves participating in team sports,E,1
Gregariousness,Frequently invites neighbors over for coffee,E,1
Gregariousness,Feels at ease in large diverse groups,E,1
Gregariousness,Loves the camaraderie of group activities,E,1
Gregariousness,Frequently attends social workshops and seminars,E,1
Gregariousness,Feels most connected during shared experiences,E,1
Gregariousness,Enjoys the vibrancy of community life,E,1
Gregariousness,Feels fulfilled by bringing people together,E,1
Gregariousness,Loves the spontaneity of socializing,E,1
Gregariousness,Frequently organizes weekend trips with friends,E,1
Gregariousness,Feels at home in energetic environments,E,1
Gregariousness,Enjoys being part of a bustling community,E,1
Gregariousness,Feels a sense of joy in collective celebrations,E,1
Gregariousness,Loves participating in group challenges,E,1
Gregariousness,Frequently initiates meetups with new acquaintances,E,1
Gregariousness,Feels most alive when sharing experiences,E,1
Gregariousness,Enjoys being surrounded by diverse personalities,E,1
Gregariousness,Feels comfortable amidst the buzz of activity,E,1
Gregariousness,Loves attending social gatherings and parties,E,1
Gregariousness,Frequently joins friends for impromptu outings,E,1
Gregariousness,Enjoy meeting new people and making friends at social gatherings,E,1
Gregariousness,Enjoys the dynamics of social interaction,E,1
Gregariousness,Feels at ease in the company of others,E,1
Gregariousness,Loves being part of lively social circles,E,1
Gregariousness,Frequently attends public events and festivals,E,1
Gregariousness,Feels a natural connection with new people,E,1
Gregariousness,Enjoys the energy of collective gatherings,E,1
Gregariousness,Feels invigorated by the presence of others,E,1
Gregariousness,Loves engaging in meaningful conversations,E,1
Gregariousness,Frequently organizes events for friends and family,E,1
Gregariousness,Feels most alive in vibrant settings,E,1
Gregariousness,Enjoys being at the center of social activities,E,1
Gregariousness,Feels a sense of excitement in interactive environments,E,1
Gregariousness,Loves participating in community initiatives,E,1
Gregariousness,Frequently gathers friends for casual dinners,E,1
Gregariousness,Feels most fulfilled in social engagements,E,1
Gregariousness,Enjoys the diversity of group interactions,E,1
Gregariousness,Feels at ease in a lively atmosphere,E,1
Gregariousness,Loves the thrill of social discovery,E,1
Gregariousness,Frequently attends group fitness classes,E,1
Gregariousness,Feels energized by the buzz of conversation,E,1
Gregariousness,Enjoys being part of collaborative efforts,E,1
Gregariousness,Feels comfortable in a variety of social settings,E,1
Gregariousness,Loves the spontaneity of unplanned gatherings,E,1
Gregariousness,Frequently hosts themed parties,E,1
Gregariousness,Feels a sense of joy in social connections,E,1
Gregariousness,Enjoys the warmth of shared experiences,E,1
Gregariousness,Feels at home in diverse social groups,E,1
Gregariousness,Loves engaging in group discussions and debates,E,1
Gregariousness,Frequently participates in team-building activities,E,1
Gregariousness,Feels most connected in lively social environments,E,1
Gregariousness,Enjoys organizing social events with flair,E,1
Gregariousness,Feels invigorated by the company of others,E,1
Gregariousness,Loves being a part of community celebrations,E,1
Gregariousness,Frequently arranges outings with friends,E,1
Gregariousness,Feels most alive in the presence of others,E,1
Gregariousness,Enjoys the vibrancy of a full room,E,1
Gregariousness,Feels comfortable initiating group conversations,E,1
Gregariousness,Loves being surrounded by a variety of personalities,E,1
Gregariousness,Frequently attends social mixers and gatherings,E,1
Gregariousness,Feels a natural affinity for group activities,E,1
Gregariousness,Enjoys being part of festive celebrations,E,1
Gregariousness,Feels at ease in the midst of a crowd,E,1
Gregariousness,Loves the camaraderie of shared adventures,E,1
Gregariousness,Frequently organizes potlucks for friends,E,1
Gregariousness,Feels a sense of fulfillment in bringing people together,E,1
Gregariousness,Enjoys the energy of a bustling social life,E,1
Gregariousness,Feels at home in interactive social environments,E,1
Gregariousness,Loves participating in lively group events,E,1
Gregariousness,Frequently attends community fairs and markets,E,1
Gregariousness,Enjoy meeting new people at social gatherings,E,1
Gregariousness,Enjoys the thrill of meeting new acquaintances,E,1
Gregariousness,Feels energized by the presence of a crowd,E,1
Gregariousness,Loves being part of animated discussions,E,1
Gregariousness,Frequently organizes family gatherings,E,1
Gregariousness,Feels a natural connection with diverse groups,E,1
Gregariousness,Enjoys the excitement of collective experiences,E,1
Gregariousness,Feels fulfilled by vibrant social interactions,E,1
Gregariousness,Loves being involved in group projects,E,1
Gregariousness,Frequently joins friends for communal activities,E,1
Gregariousness,Feels most alive in the company of others,E,1
Gregariousness,Enjoys the dynamics of team collaboration,E,1
Gregariousness,Feels comfortable in bustling social scenes,E,1
Gregariousness,Loves the variety of experiences in group settings,E,1
Gregariousness,Frequently attends social meetups,E,1
Gregariousness,Feels a sense of belonging in shared environments,E,1
Gregariousness,Love attending social gatherings and meeting new people,E,1
Gregariousness,Feels at ease in diverse social circles,E,1
Gregariousness,Loves engaging with others in group settings,E,1
Gregariousness,Frequently participates in community events,E,1
Gregariousness,Feels most connected in lively atmospheres,E,1
Gregariousness,Enjoys being part of a dynamic social network,E,1
Gregariousness,Feels invigorated by the buzz of social activity,E,1
Gregariousness,Loves the spontaneity of impromptu gatherings,E,1
Gregariousness,Frequently organizes outings to local attractions,E,1
Gregariousness,Feels a sense of joy in social interactions,E,1
Gregariousness,Enjoys being part of engaging group activities,E,1
Gregariousness,Feels at home in vibrant social settings,E,1
Gregariousness,Loves the thrill of group adventures,E,1
Gregariousness,Frequently attends cultural festivals with friends,E,1
Gregariousness,Feels energized by the vitality of social gatherings,E,1
Gregariousness,Easily start conversations with strangers,E,1
Gregariousness,Feels most fulfilled in interactive environments,E,1
Gregariousness,Loves being surrounded by a lively crowd,E,1
Gregariousness,Frequently organizes collaborative activities,E,1
Gregariousness,Feels a natural connection in group dynamics,E,1
Gregariousness,Enjoys the energy of social engagement,E,1
Gregariousness,Feels at ease in a lively community,E,1
Gregariousness,Loves participating in spirited group events,E,1
Gregariousness,Frequently joins friends for social outings,E,1
Gregariousness,Feels most alive in the presence of a crowd,E,1
Gregariousness,Enjoys the vibrancy of social gatherings,E,1
Gregariousness,Feels comfortable initiating group interactions,E,1
Gregariousness,Loves being part of a dynamic group of friends,E,1
Gregariousness,Frequently attends community gatherings and events,E,1
Gregariousness,Feels a sense of excitement in social environments,E,1
Gregariousness,Enjoys being involved in group projects and initiatives,E,1
Gregariousness,Feels at home in engaging social settings,E,1
Gregariousness,Loves the camaraderie of shared experiences,E,1
Gregariousness,Frequently organizes social events for peers,E,1
Gregariousness,Feels a sense of fulfillment in social connections,E,1
Gregariousness,Enjoys the warmth of collective gatherings,E,1
Gregariousness,Feels most comfortable in animated discussions,E,1
Gregariousness,Loves being part of vibrant social scenes,E,1
Gregariousness,Frequently attends public lectures and talks,E,1
Gregariousness,Feels a natural affinity for dynamic interactions,E,1
Gregariousness,Enjoys the energy of lively social engagements,E,1
Gregariousness,Enjoy meeting new people,E,1
Gregariousness,Loves bringing people together for group activities,E,1
Gregariousness,Frequently joins social clubs and interest groups,E,1
Gregariousness,Feels most alive in the company of diverse individuals,E,1
Gregariousness,Enjoys the thrill of social discovery,E,1
Gregariousness,Feels comfortable in a wide range of social settings,E,1
Gregariousness,Loves participating in group challenges and competitions,E,1
Gregariousness,Frequently organizes social gatherings for friends and family,E,1
Gregariousness,Feels a sense of joy in vibrant social interactions,E,1
Gregariousness,Enjoys being part of engaging community events,E,1
Gregariousness,Feels at home in bustling environments,E,1
Gregariousness,Loves the energy of collective experiences,E,1
Gregariousness,Frequently attends social functions and parties,E,1
Gregariousness,Feels most fulfilled in lively atmospheres,E,1
Gregariousness,Enjoys the excitement of meeting new people,E,1
Gregariousness,Feels a natural connection in interactive settings,E,1
Gregariousness,Loves being involved in dynamic group activities,E,1
Gregariousness,Frequently joins friends for team-based games,E,1
Gregariousness,Feels most connected in shared environments,E,1
Gregariousness,Enjoys the vibrancy of social interactions,E,1
Gregariousness,Feels at ease in lively group settings,E,1
Gregariousness,Loves engaging with others in collaborative efforts,E,1
Gregariousness,Frequently participates in community festivals and fairs,E,1
Gregariousness,Feels a sense of belonging in social circles,E,1
Gregariousness,Enjoys the energy of bustling social life,E,1
Gregariousness,Feels invigorated by the presence of diverse groups,E,1
Gregariousness,Loves the spontaneity of unplanned social encounters,E,1
Gregariousness,Frequently organizes group events for colleagues,E,1
Gregariousness,Feels a natural affinity for vibrant gatherings,E,1
Gregariousness,Enjoys the thrill of collective social experiences,E,1
Gregariousness,Feels at home in dynamic social environments,E,1
Gregariousness,Loves being part of lively group discussions,E,1
Gregariousness,Frequently attends social gatherings with friends,E,1
Gregariousness,Feels most alive in interactive atmospheres,E,1
Gregariousness,Enjoy social gatherings,E,1
Gregariousness,Enjoy attending social gatherings,E,1
Gregariousness,Loves the energy of a bustling crowd,E,1
Gregariousness,Frequently organizes outings and adventures,E,1
Gregariousness,Feels a sense of joy in engaging with others,E,1
Gregariousness,Enjoys being part of animated social scenes,E,1
Gregariousness,Feels at ease in the company of diverse individuals,E,1
Gregariousness,Loves participating in community-driven initiatives,E,1
Gregariousness,Frequently joins social gatherings and meetups,E,1
Gregariousness,Feels most connected in vibrant group settings,E,1
Gregariousness,Enjoys the warmth of collective social interactions,E,1
Gregariousness,Feels energized by the buzz of group activities,E,1
Gregariousness,Loves being surrounded by a lively community,E,1
Gregariousness,Frequently organizes social events with flair,E,1
Gregariousness,Feels a natural connection with diverse social circles,E,1
Gregariousness,Enjoys the energy of engaging social environments,E,1
Gregariousness,Feels at home in bustling social scenes,E,1
Gregariousness,Loves participating in spirited group activities,E,1
Gregariousness,Frequently attends public gatherings and celebrations,E,1
Gregariousness,Enjoy having animated conversations with strangers,E,1
Gregariousness,Enjoys the vibrancy of lively social interactions,E,1
Gregariousness,Feels comfortable in animated group discussions,E,1
Gregariousness,Loves engaging with a variety of social groups,E,1
Gregariousness,Frequently participates in community projects and events,E,1
Gregariousness,Feels a sense of belonging in dynamic environments,E,1
Gregariousness,Enjoys the excitement of social engagement,E,1
Gregariousness,Feels invigorated by the presence of a crowd,E,1
Gregariousness,Loves the camaraderie of group experiences,E,1
Gregariousness,Frequently organizes collaborative social activities,E,1
Gregariousness,Feels most connected in interactive settings,E,1
Gregariousness,Love having lively conversations with friends,E,1
Gregariousness,Feels at ease in lively social environments,E,1
Gregariousness,Loves being part of vibrant group interactions,E,1
Gregariousness,Frequently attends social mixers and functions,E,1
Gregariousness,Feels a natural affinity for engaging social settings,E,1
Gregariousness,Thrive in bustling social settings,E,1
Gregariousness,Feels most fulfilled in the company of others,E,1
Gregariousness,Loves participating in group discussions and debates,E,1
Gregariousness,Frequently organizes social events for community members,E,1
Gregariousness,Enjoy hosting gatherings,E,1
Gregariousness,Enjoys the diversity of engaging group activities,E,1
Gregariousness,Feels at home in vibrant social circles,E,1
Gregariousness,Loves the energy of a bustling social life,E,1
Gregariousness,Frequently joins friends for dynamic social outings,E,1
Gregariousness,Feels most alive in interactive social settings,E,1
Gregariousness,Find energy in social gatherings,E,1
Gregariousness,Feels comfortable in lively social environments,E,1
Gregariousness,Enjoy engaging in lively conversations,E,1
Gregariousness,Frequently attends social gatherings and events,E,1
Gregariousness,Feel energized by social gatherings,E,1
Gregariousness,Enjoys the vibrancy of collective social interactions,E,1
Gregariousness,Enjoys meeting new people at social gatherings,E,1
Gregariousness,Enjoy meeting new people and making friends easily,E,1
Gregariousness,Frequently organizes social gatherings for friends,E,1
Gregariousness,Feels most connected in vibrant atmospheres,E,1
Gregariousness,Enjoys the excitement of group activities,E,1
Gregariousness,Feels at ease in engaging social settings,E,1
Gregariousness,Loves being part of dynamic group interactions,E,1
Gregariousness,Thrive in social gatherings and interactions,E,1
Gregariousness,Feels a sense of belonging in lively environments,E,1
Gregariousness,Enjoys the energy of bustling social gatherings,E,1
Gregariousness,Enjoys meeting new people at gatherings,E,1
Gregariousness,Loves engaging with diverse social circles,E,1
Gregariousness,Frequently attends community festivals and fairs,E,1
Gregariousness,Feels a natural affinity for vibrant social experiences,E,1
Gregariousness,Enjoys the thrill of collective engagements,E,1
Gregariousness,Feels at home in dynamic social scenes,E,1
Gregariousness,Loves participating in engaging group activities,E,1
Gregariousness,Frequently organizes social events for colleagues,E,1
Gregariousness,Easily make friends in new settings,E,1
Gregariousness,Love engaging in lively conversations,E,1
Gregariousness,Enjoy meeting new people in social gatherings,E,1
Gregariousness,Loves the energy of lively social environments,E,1
Gregariousness,Frequently joins friends for group adventures,E,1
Gregariousness,Organized a community event,E,1
Gregariousness,Enjoys being part of vibrant social settings,E,1
Gregariousness,Feels at ease in engaging group discussions,E,1
Gregariousness,Love engaging in lively conversations with others,E,1
Gregariousness,Frequently organizes social gatherings with flair,E,1
Gregariousness,Feels a natural connection with dynamic social groups,E,1
Gregariousness,Enjoys the energy of collective social activities,E,1
Gregariousness,Feels invigorated by the presence of a diverse crowd,E,1
Gregariousness,Enjoy engaging in lively conversations with others,E,1
Gregariousness,Frequently attends social mixers and celebrations,E,1
Gregariousness,Feels most fulfilled in vibrant social interactions,E,1
